customer_id,customer_name,email,join_date,loyalty_tier,gender
1,Ahmed Ali,user1@example.com,2024-03-25,Silver,M
2,Ahmed Hussain,user2@example.com,2023-04-16,Bronze,F
3,Hassan Shah,user3@example.com,2024-06-23,Bronze,M
4,Sara Ali,user4@example.com,2024-05-03,Silver,M
5,Hina Hussain,user5@example.com,2022-05-08,Bronze,M
6,Ali Shah,user6@example.com,2023-06-05,Bronze,F
7,Fatima Khan,user7@example.com,2023-05-09,Platinum,M
8,Ahmed Farooq,user8@example.com,2024-03-15,Bronze,F
9,Hassan Ali,user9@example.com,2022-02-10,Bronze,F
10,Omar Shah,user10@example.com,2023-08-11,Bronze,M
11,Hassan Hussain,user11@example.com,2023-10-08,Silver,M
12,Omar Raza,user12@example.com,2023-03-31,Bronze,F
13,Hassan Akram,user13@example.com,2023-12-03,Bronze,M
14,Bilal Shah,user14@example.com,2024-03-29,Bronze,F
15,Hassan Hussain,user15@example.com,2022-01-11,Bronze,F
16,Fatima Qureshi,user16@example.com,2022-04-08,Bronze,F
17,Zain Raza,user17@example.com,2024-01-21,Bronze,F
18,Zara Khan,user18@example.com,2024-08-15,Platinum,M
19,Omar Ali,user19@example.com,2022-03-14,Bronze,F
20,Omar Raza,user20@example.com,2024-07-27,Bronze,M
21,Aisha Hussain,user21@example.com,2022-04-18,Silver,M
22,Ahmed Akram,user22@example.com,2022-10-02,Bronze,F
23,Ali Raza,user23@example.com,2024-11-06,Platinum,M
24,Bilal Shah,user24@example.com,2022-08-04,Silver,F
25,Ali Farooq,user25@example.com,2023-01-09,Silver,F
26,Ahmed Khan,user26@example.com,2023-05-04,Gold,M
27,Amir Qureshi,user27@example.com,2023-12-12,Platinum,F
28,Zain Ali,user28@example.com,2023-01-26,Bronze,F
29,Omar Hussain,user29@example.com,2023-11-19,Bronze,M
30,Ahmed Farooq,user30@example.com,2024-09-16,Bronze,M
31,Zara Ali,user31@example.com,2023-09-07,Bronze,F
32,Aisha Akram,user32@example.com,2022-07-07,Bronze,F
33,Zara Qureshi,user33@example.com,2024-09-12,Silver,M
34,Hina Khan,user34@example.com,2024-09-08,Bronze,F
35,Amir Akram,user35@example.com,2024-06-12,Bronze,M
36,Ahmed Shah,user36@example.com,2022-09-08,Gold,M
37,Aisha Hussain,user37@example.com,2024-11-28,Bronze,M
38,Ali Raza,user38@example.com,2022-11-14,Bronze,F
39,Hina Akram,user39@example.com,2023-01-12,Silver,M
40,Fatima Akram,user40@example.com,2023-01-24,Silver,M
41,Hina Shah,user41@example.com,2022-11-20,Silver,F
42,Ali Raza,user42@example.com,2023-08-08,Bronze,M
43,Sara Akram,user43@example.com,2022-07-06,Gold,F
44,Zara Akram,user44@example.com,2023-12-11,Platinum,F
45,Hina Hussain,user45@example.com,2024-12-21,Silver,M
46,Sara Akram,user46@example.com,2024-06-03,Silver,M
47,Zara Ali,user47@example.com,2024-04-04,Bronze,M
48,Aisha Qureshi,user48@example.com,2022-02-23,Platinum,F
49,Aisha Akram,user49@example.com,2023-02-23,Silver,F
50,Hina Hussain,user50@example.com,2022-06-09,Bronze,F
51,Omar Khan,user51@example.com,2023-08-03,Bronze,M
52,Omar Qureshi,user52@example.com,2023-09-27,Bronze,F
53,Omar Ali,user53@example.com,2022-06-19,Silver,F
54,Hassan Hussain,user54@example.com,2024-08-12,Bronze,M
55,Zain Qureshi,user55@example.com,2024-07-02,Bronze,M
56,Bilal Raza,user56@example.com,2024-08-30,Gold,M
57,Aisha Ali,user57@example.com,2024-11-29,Silver,F
58,Ali Shah,user58@example.com,2022-08-04,Silver,F
59,Ali Hussain,user59@example.com,2024-03-26,Silver,F
60,Omar Raza,user60@example.com,2022-12-22,Silver,F
61,Fatima Raza,user61@example.com,2023-07-11,Gold,M
62,Fatima Ali,user62@example.com,2023-11-03,Bronze,F
63,Ahmed Akram,user63@example.com,2023-08-12,Bronze,M
64,Zara Khan,user64@example.com,2022-01-17,Bronze,M
65,Hina Raza,user65@example.com,2023-11-06,Bronze,M
66,Fatima Ali,user66@example.com,2024-09-20,Bronze,F
67,Hassan Raza,user67@example.com,2022-10-05,Gold,F
68,Ahmed Akram,user68@example.com,2024-01-01,Bronze,F
69,Ali Ali,user69@example.com,2024-06-04,Bronze,F
70,Zara Ali,user70@example.com,2022-11-02,Platinum,F
71,Bilal Akram,user71@example.com,2024-02-02,Bronze,F
72,Fatima Raza,user72@example.com,2024-06-25,Silver,M
73,Aisha Hussain,user73@example.com,2023-07-24,Bronze,M
74,Ahmed Raza,user74@example.com,2023-05-31,Bronze,M
75,Fatima Farooq,user75@example.com,2024-06-05,Silver,M
76,Ahmed Farooq,user76@example.com,2024-08-31,Bronze,M
77,Aisha Khan,user77@example.com,2024-01-18,Bronze,F
78,Hassan Hussain,user78@example.com,2022-03-25,Bronze,M
79,Aisha Hussain,user79@example.com,2023-07-24,Gold,M
80,Aisha Qureshi,user80@example.com,2024-10-05,Silver,M
81,Bilal Qureshi,user81@example.com,2024-12-19,Bronze,F
82,Hassan Qureshi,user82@example.com,2023-08-14,Bronze,M
83,Fatima Hussain,user83@example.com,2022-12-15,Bronze,M
84,Bilal Ali,user84@example.com,2024-06-17,Bronze,M
85,Fatima Khan,user85@example.com,2023-06-05,Bronze,M
86,Zain Shah,user86@example.com,2023-05-16,Bronze,F
87,Zara Qureshi,user87@example.com,2023-12-22,Bronze,M
88,Ahmed Shah,user88@example.com,2023-08-30,Silver,F
89,Omar Khan,user89@example.com,2022-04-12,Gold,F
90,Aisha Qureshi,user90@example.com,2023-02-05,Bronze,F
91,Zain Shah,user91@example.com,2022-04-02,Silver,F
92,Ahmed Akram,user92@example.com,2022-01-02,Bronze,F
93,Ali Raza,user93@example.com,2022-04-26,Bronze,M
94,Zain Farooq,user94@example.com,2022-03-31,Silver,F
95,Ahmed Ali,user95@example.com,2024-06-05,Silver,F
96,Aisha Hussain,user96@example.com,2022-01-09,Gold,M
97,Omar Ali,user97@example.com,2023-12-17,Gold,F
98,Sara Shah,user98@example.com,2022-04-21,Silver,M
99,Sara Qureshi,user99@example.com,2024-06-18,Bronze,F
100,Aisha Farooq,user100@example.com,2024-03-19,Bronze,M
101,Ahmed Shah,user101@example.com,2024-11-01,Bronze,M
102,Aisha Ali,user102@example.com,2024-01-20,Bronze,M
103,Fatima Raza,user103@example.com,2023-11-26,Bronze,M
104,Zain Ali,user104@example.com,2023-10-24,Bronze,M
105,Zara Hussain,user105@example.com,2024-07-12,Bronze,F
106,Zain Farooq,user106@example.com,2022-12-19,Silver,M
107,Hassan Farooq,user107@example.com,2024-08-14,Silver,F
108,Bilal Akram,user108@example.com,2023-06-16,Bronze,M
109,Aisha Qureshi,user109@example.com,2023-02-24,Bronze,M
110,Sara Ali,user110@example.com,2022-12-01,Gold,M
111,Amir Hussain,user111@example.com,2022-07-05,Gold,M
112,Ahmed Qureshi,user112@example.com,2022-01-21,Silver,M
113,Hina Akram,user113@example.com,2024-01-22,Silver,F
114,Ahmed Farooq,user114@example.com,2022-10-20,Gold,M
115,Zain Akram,user115@example.com,2023-01-16,Bronze,M
116,Omar Akram,user116@example.com,2022-05-10,Bronze,F
117,Omar Khan,user117@example.com,2022-01-28,Bronze,F
118,Ali Qureshi,user118@example.com,2023-04-05,Bronze,F
119,Zara Ali,user119@example.com,2023-09-22,Bronze,M
120,Amir Akram,user120@example.com,2024-05-11,Bronze,M
121,Hina Hussain,user121@example.com,2024-08-29,Silver,M
122,Sara Akram,user122@example.com,2023-11-18,Silver,M
123,Ali Qureshi,user123@example.com,2022-06-05,Gold,F
124,Zara Raza,user124@example.com,2022-11-30,Bronze,M
125,Sara Ali,user125@example.com,2024-03-07,Silver,M
126,Hassan Raza,user126@example.com,2024-12-18,Bronze,M
127,Bilal Ali,user127@example.com,2022-10-03,Platinum,F
128,Zara Shah,user128@example.com,2022-08-05,Silver,F
129,Hina Farooq,user129@example.com,2023-03-03,Bronze,F
130,Sara Farooq,user130@example.com,2023-01-19,Bronze,M
131,Ahmed Ali,user131@example.com,2024-06-10,Silver,F
132,Ali Farooq,user132@example.com,2023-10-31,Bronze,F
133,Zain Farooq,user133@example.com,2022-11-07,Platinum,M
134,Ahmed Ali,user134@example.com,2022-10-30,Bronze,M
135,Hina Khan,user135@example.com,2024-03-24,Gold,F
136,Hassan Qureshi,user136@example.com,2024-12-28,Bronze,M
137,Ahmed Ali,user137@example.com,2023-12-05,Bronze,F
138,Omar Khan,user138@example.com,2023-11-19,Silver,M
139,Omar Hussain,user139@example.com,2023-05-09,Gold,M
140,Ahmed Ali,user140@example.com,2023-02-01,Silver,M
141,Zara Khan,user141@example.com,2024-04-01,Silver,M
142,Ali Akram,user142@example.com,2023-12-12,Bronze,M
143,Omar Khan,user143@example.com,2022-11-01,Bronze,M
144,Zain Ali,user144@example.com,2024-05-16,Bronze,F
145,Ahmed Shah,user145@example.com,2024-10-23,Bronze,F
146,Ahmed Shah,user146@example.com,2023-09-21,Silver,M
147,Hassan Ali,user147@example.com,2022-10-31,Bronze,M
148,Zara Qureshi,user148@example.com,2022-12-09,Silver,F
149,Zara Hussain,user149@example.com,2024-10-01,Silver,M
150,Hassan Akram,user150@example.com,2023-02-03,Bronze,F
151,Sara Raza,user151@example.com,2022-05-21,Bronze,M
152,Sara Qureshi,user152@example.com,2023-01-08,Bronze,M
153,Bilal Hussain,user153@example.com,2022-04-16,Silver,F
154,Ali Raza,user154@example.com,2023-10-06,Silver,M
155,Fatima Farooq,user155@example.com,2024-11-28,Bronze,F
156,Hina Khan,user156@example.com,2023-03-21,Bronze,F
157,Sara Shah,user157@example.com,2023-07-13,Platinum,F
158,Zain Raza,user158@example.com,2023-12-27,Bronze,F
159,Amir Qureshi,user159@example.com,2023-01-13,Bronze,F
160,Hina Qureshi,user160@example.com,2024-12-08,Bronze,F
161,Ahmed Qureshi,user161@example.com,2023-06-15,Gold,F
162,Omar Ali,user162@example.com,2024-07-03,Silver,M
163,Ahmed Raza,user163@example.com,2023-11-18,Bronze,F
164,Ali Farooq,user164@example.com,2023-10-23,Bronze,M
165,Aisha Akram,user165@example.com,2023-10-12,Bronze,F
166,Omar Shah,user166@example.com,2024-07-09,Platinum,M
167,Hassan Ali,user167@example.com,2023-09-29,Silver,F
168,Fatima Qureshi,user168@example.com,2023-12-01,Silver,F
169,Zain Ali,user169@example.com,2022-10-15,Bronze,M
170,Hina Raza,user170@example.com,2022-12-19,Bronze,M
171,Ali Hussain,user171@example.com,2024-12-29,Bronze,M
172,Ali Akram,user172@example.com,2024-08-13,Silver,M
173,Hassan Qureshi,user173@example.com,2022-03-08,Bronze,M
174,Aisha Shah,user174@example.com,2023-12-28,Bronze,M
175,Aisha Ali,user175@example.com,2022-04-26,Bronze,F
176,Sara Raza,user176@example.com,2022-10-14,Silver,M
177,Amir Shah,user177@example.com,2023-11-01,Bronze,F
178,Ali Qureshi,user178@example.com,2024-09-06,Bronze,M
179,Fatima Akram,user179@example.com,2023-09-19,Bronze,F
180,Hina Qureshi,user180@example.com,2022-12-30,Bronze,F
181,Sara Shah,user181@example.com,2023-02-10,Bronze,F
182,Ali Raza,user182@example.com,2024-02-23,Bronze,M
183,Sara Khan,user183@example.com,2022-04-24,Bronze,M
184,Ahmed Hussain,user184@example.com,2024-01-31,Bronze,M
185,Sara Shah,user185@example.com,2022-11-07,Bronze,F
186,Zain Akram,user186@example.com,2022-09-01,Bronze,F
187,Amir Shah,user187@example.com,2023-08-17,Silver,F
188,Amir Shah,user188@example.com,2022-05-14,Bronze,M
189,Omar Farooq,user189@example.com,2023-08-01,Bronze,M
190,Sara Ali,user190@example.com,2022-09-23,Silver,M
191,Zain Khan,user191@example.com,2022-06-13,Silver,M
192,Zain Shah,user192@example.com,2023-01-16,Bronze,F
193,Zain Khan,user193@example.com,2023-04-27,Bronze,M
194,Omar Farooq,user194@example.com,2024-11-01,Platinum,M
195,Sara Ali,user195@example.com,2024-09-15,Bronze,F
196,Zara Shah,user196@example.com,2024-12-19,Bronze,M
197,Hassan Hussain,user197@example.com,2024-02-17,Bronze,M
198,Ahmed Raza,user198@example.com,2024-12-15,Bronze,M
199,Omar Hussain,user199@example.com,2022-05-29,Bronze,M
200,Aisha Farooq,user200@example.com,2023-02-04,Bronze,M
201,Fatima Qureshi,user201@example.com,2024-02-24,Bronze,M
202,Sara Akram,user202@example.com,2022-05-04,Silver,F
203,Hassan Akram,user203@example.com,2024-02-07,Bronze,M
204,Bilal Shah,user204@example.com,2023-03-31,Silver,F
205,Fatima Ali,user205@example.com,2023-02-09,Bronze,M
206,Amir Farooq,user206@example.com,2024-06-19,Bronze,M
207,Ahmed Raza,user207@example.com,2022-12-04,Bronze,M
208,Ali Hussain,user208@example.com,2023-05-12,Bronze,M
209,Sara Qureshi,user209@example.com,2022-07-02,Bronze,M
210,Ahmed Akram,user210@example.com,2023-09-16,Silver,M
211,Omar Raza,user211@example.com,2023-07-08,Silver,F
212,Omar Qureshi,user212@example.com,2022-01-17,Silver,F
213,Ahmed Akram,user213@example.com,2022-01-29,Bronze,F
214,Bilal Qureshi,user214@example.com,2024-02-28,Silver,M
215,Hina Hussain,user215@example.com,2023-12-27,Silver,F
216,Bilal Farooq,user216@example.com,2024-05-05,Gold,M
217,Bilal Khan,user217@example.com,2022-03-28,Silver,M
218,Omar Farooq,user218@example.com,2022-02-12,Silver,F
219,Aisha Qureshi,user219@example.com,2024-11-06,Platinum,F
220,Amir Farooq,user220@example.com,2023-01-01,Platinum,F
221,Aisha Farooq,user221@example.com,2023-05-14,Bronze,M
222,Hassan Raza,user222@example.com,2022-12-16,Silver,M
223,Amir Shah,user223@example.com,2024-09-18,Bronze,F
224,Hina Qureshi,user224@example.com,2022-12-26,Silver,M
225,Ahmed Hussain,user225@example.com,2024-04-15,Silver,F
226,Amir Farooq,user226@example.com,2022-07-09,Gold,M
227,Sara Akram,user227@example.com,2024-02-09,Silver,F
228,Bilal Ali,user228@example.com,2023-06-07,Bronze,M
229,Ahmed Farooq,user229@example.com,2023-05-03,Bronze,M
230,Omar Ali,user230@example.com,2024-02-29,Bronze,F
231,Bilal Qureshi,user231@example.com,2023-11-17,Bronze,F
232,Amir Qureshi,user232@example.com,2022-02-08,Silver,F
233,Ahmed Raza,user233@example.com,2024-10-18,Bronze,F
234,Hina Shah,user234@example.com,2023-10-09,Bronze,M
235,Zain Shah,user235@example.com,2022-08-23,Bronze,M
236,Ahmed Ali,user236@example.com,2023-06-25,Silver,M
237,Ahmed Farooq,user237@example.com,2022-03-29,Bronze,M
238,Hassan Raza,user238@example.com,2023-11-27,Silver,M
239,Fatima Raza,user239@example.com,2024-11-19,Gold,F
240,Hassan Farooq,user240@example.com,2022-05-16,Bronze,M
241,Ali Akram,user241@example.com,2023-05-30,Platinum,M
242,Amir Ali,user242@example.com,2023-04-18,Bronze,F
243,Fatima Hussain,user243@example.com,2024-07-11,Silver,M
244,Omar Akram,user244@example.com,2024-07-20,Bronze,F
245,Zain Akram,user245@example.com,2022-07-28,Bronze,F
246,Hassan Khan,user246@example.com,2024-11-09,Bronze,M
247,Fatima Shah,user247@example.com,2023-11-29,Bronze,M
248,Sara Ali,user248@example.com,2023-06-20,Bronze,M
249,Zain Raza,user249@example.com,2024-04-01,Silver,M
250,Zain Shah,user250@example.com,2022-07-07,Silver,M
251,Fatima Farooq,user251@example.com,2023-05-31,Bronze,F
252,Hassan Qureshi,user252@example.com,2023-11-29,Bronze,F
253,Hina Ali,user253@example.com,2023-08-17,Silver,M
254,Aisha Khan,user254@example.com,2022-07-30,Bronze,M
255,Amir Shah,user255@example.com,2024-07-15,Silver,M
256,Sara Shah,user256@example.com,2022-07-02,Silver,M
257,Sara Khan,user257@example.com,2024-02-02,Silver,F
258,Omar Akram,user258@example.com,2022-06-10,Bronze,F
259,Zara Farooq,user259@example.com,2022-03-19,Silver,F
260,Amir Qureshi,user260@example.com,2024-04-16,Bronze,M
261,Ahmed Hussain,user261@example.com,2024-08-30,Silver,F
262,Zain Raza,user262@example.com,2023-12-11,Bronze,M
263,Hassan Hussain,user263@example.com,2023-07-01,Bronze,F
264,Hassan Akram,user264@example.com,2022-02-18,Bronze,F
265,Sara Shah,user265@example.com,2023-09-30,Silver,M
266,Ali Qureshi,user266@example.com,2023-09-04,Silver,M
267,Bilal Akram,user267@example.com,2022-07-07,Bronze,F
268,Omar Akram,user268@example.com,2023-12-26,Bronze,M
269,Zain Akram,user269@example.com,2024-06-21,Bronze,F
270,Hina Ali,user270@example.com,2022-07-24,Bronze,M
271,Sara Qureshi,user271@example.com,2023-08-19,Silver,F
272,Hassan Akram,user272@example.com,2023-11-21,Bronze,M
273,Ahmed Qureshi,user273@example.com,2024-08-01,Gold,M
274,Bilal Qureshi,user274@example.com,2024-06-14,Silver,M
275,Hassan Ali,user275@example.com,2024-09-10,Bronze,M
276,Hassan Qureshi,user276@example.com,2023-03-21,Bronze,M
277,Sara Farooq,user277@example.com,2023-05-05,Bronze,F
278,Ali Khan,user278@example.com,2023-07-27,Gold,F
279,Omar Farooq,user279@example.com,2022-06-26,Bronze,M
280,Zain Ali,user280@example.com,2024-04-21,Bronze,F
281,Omar Ali,user281@example.com,2024-04-21,Bronze,M
282,Fatima Shah,user282@example.com,2023-08-11,Bronze,M
283,Bilal Hussain,user283@example.com,2023-09-03,Bronze,F
284,Fatima Raza,user284@example.com,2023-06-16,Bronze,F
285,Sara Shah,user285@example.com,2023-01-11,Bronze,F
286,Sara Akram,user286@example.com,2024-02-21,Bronze,M
287,Amir Akram,user287@example.com,2024-11-15,Bronze,F
288,Hina Shah,user288@example.com,2024-12-03,Bronze,M
289,Zain Farooq,user289@example.com,2023-08-24,Bronze,M
290,Hassan Hussain,user290@example.com,2024-02-18,Bronze,M
291,Hina Akram,user291@example.com,2023-04-21,Silver,M
292,Hina Farooq,user292@example.com,2024-06-23,Bronze,F
293,Hina Ali,user293@example.com,2023-07-08,Bronze,F
294,Ahmed Farooq,user294@example.com,2024-04-27,Gold,F
295,Ahmed Hussain,user295@example.com,2022-02-09,Bronze,F
296,Fatima Qureshi,user296@example.com,2023-09-05,Silver,F
297,Hassan Akram,user297@example.com,2024-09-16,Silver,M
298,Omar Akram,user298@example.com,2024-03-24,Bronze,F
299,Fatima Raza,user299@example.com,2023-11-01,Silver,M
300,Zain Ali,user300@example.com,2022-09-04,Bronze,F
301,Aisha Khan,user301@example.com,2022-07-15,Silver,F
302,Hassan Hussain,user302@example.com,2023-12-02,Bronze,M
303,Zain Ali,user303@example.com,2023-10-08,Silver,M
304,Zara Ali,user304@example.com,2024-07-31,Silver,M
305,Hina Ali,user305@example.com,2024-09-08,Silver,M
306,Amir Qureshi,user306@example.com,2022-06-05,Silver,M
307,Hassan Hussain,user307@example.com,2023-06-30,Bronze,M
308,Amir Hussain,user308@example.com,2024-08-10,Bronze,F
309,Ali Raza,user309@example.com,2023-09-12,Bronze,F
310,Aisha Khan,user310@example.com,2023-12-25,Silver,M
311,Aisha Qureshi,user311@example.com,2022-09-05,Bronze,M
312,Omar Akram,user312@example.com,2022-05-04,Platinum,M
313,Aisha Akram,user313@example.com,2023-03-18,Bronze,M
314,Hassan Hussain,user314@example.com,2024-08-06,Silver,F
315,Bilal Khan,user315@example.com,2023-07-05,Silver,M
316,Ahmed Hussain,user316@example.com,2023-10-08,Silver,F
317,Zara Ali,user317@example.com,2024-06-06,Bronze,M
318,Hassan Qureshi,user318@example.com,2023-12-03,Bronze,F
319,Zara Akram,user319@example.com,2022-10-08,Bronze,M
320,Zain Farooq,user320@example.com,2023-10-24,Gold,M
321,Aisha Hussain,user321@example.com,2022-10-11,Bronze,F
322,Omar Hussain,user322@example.com,2023-09-25,Bronze,F
323,Hina Shah,user323@example.com,2023-11-07,Bronze,M
324,Ali Qureshi,user324@example.com,2024-03-30,Bronze,F
325,Aisha Khan,user325@example.com,2022-11-30,Silver,M
326,Sara Akram,user326@example.com,2023-05-29,Silver,F
327,Omar Qureshi,user327@example.com,2023-11-26,Bronze,F
328,Bilal Hussain,user328@example.com,2024-02-18,Platinum,F
329,Hassan Raza,user329@example.com,2024-10-09,Bronze,F
330,Sara Hussain,user330@example.com,2024-09-03,Bronze,F
331,Hina Raza,user331@example.com,2022-12-09,Bronze,M
332,Bilal Shah,user332@example.com,2023-07-13,Bronze,M
333,Sara Raza,user333@example.com,2023-02-10,Silver,F
334,Sara Khan,user334@example.com,2022-06-28,Bronze,M
335,Bilal Akram,user335@example.com,2022-03-17,Bronze,F
336,Ahmed Qureshi,user336@example.com,2022-12-13,Silver,M
337,Fatima Shah,user337@example.com,2022-08-02,Bronze,M
338,Bilal Shah,user338@example.com,2023-12-31,Gold,M
339,Amir Khan,user339@example.com,2023-03-17,Bronze,M
340,Hina Shah,user340@example.com,2024-01-19,Bronze,F
341,Zain Khan,user341@example.com,2024-05-30,Bronze,M
342,Bilal Khan,user342@example.com,2023-08-25,Bronze,M
343,Amir Hussain,user343@example.com,2023-01-17,Bronze,F
344,Ali Khan,user344@example.com,2024-05-05,Bronze,F
345,Fatima Khan,user345@example.com,2023-02-01,Silver,M
346,Zara Raza,user346@example.com,2022-05-07,Bronze,M
347,Bilal Hussain,user347@example.com,2023-08-07,Gold,F
348,Bilal Raza,user348@example.com,2023-08-25,Platinum,F
349,Hina Khan,user349@example.com,2024-05-08,Bronze,F
350,Fatima Khan,user350@example.com,2024-04-29,Bronze,F
351,Ali Farooq,user351@example.com,2023-02-24,Bronze,M
352,Bilal Qureshi,user352@example.com,2022-11-28,Bronze,M
353,Fatima Ali,user353@example.com,2024-08-16,Silver,F
354,Aisha Hussain,user354@example.com,2024-06-28,Silver,F
355,Omar Farooq,user355@example.com,2024-02-10,Silver,M
356,Ahmed Raza,user356@example.com,2023-01-22,Bronze,M
357,Ali Khan,user357@example.com,2022-09-25,Bronze,M
358,Amir Raza,user358@example.com,2023-07-28,Bronze,M
359,Fatima Qureshi,user359@example.com,2022-10-04,Silver,M
360,Aisha Raza,user360@example.com,2023-01-10,Bronze,F
361,Bilal Akram,user361@example.com,2022-07-14,Gold,F
362,Fatima Qureshi,user362@example.com,2023-07-14,Bronze,M
363,Zain Akram,user363@example.com,2023-11-10,Bronze,M
364,Fatima Akram,user364@example.com,2023-02-25,Gold,M
365,Sara Hussain,user365@example.com,2024-07-02,Silver,M
366,Zara Shah,user366@example.com,2023-01-30,Bronze,F
367,Hassan Qureshi,user367@example.com,2024-07-18,Silver,F
368,Zain Khan,user368@example.com,2024-11-20,Silver,M
369,Hassan Shah,user369@example.com,2023-03-19,Bronze,M
370,Amir Hussain,user370@example.com,2022-12-29,Bronze,M
371,Ahmed Shah,user371@example.com,2022-05-05,Bronze,M
372,Hassan Ali,user372@example.com,2022-05-05,Bronze,M
373,Aisha Farooq,user373@example.com,2023-10-08,Silver,F
374,Ali Raza,user374@example.com,2022-03-18,Silver,M
375,Ali Raza,user375@example.com,2024-10-04,Silver,F
376,Omar Khan,user376@example.com,2023-11-05,Bronze,M
377,Fatima Hussain,user377@example.com,2024-06-17,Bronze,M
378,Aisha Ali,user378@example.com,2022-12-07,Bronze,M
379,Bilal Hussain,user379@example.com,2022-12-25,Bronze,M
380,Hina Raza,user380@example.com,2023-04-28,Bronze,F
381,Sara Hussain,user381@example.com,2023-05-24,Platinum,F
382,Hina Shah,user382@example.com,2024-02-01,Bronze,F
383,Hina Akram,user383@example.com,2023-06-01,Bronze,M
384,Aisha Farooq,user384@example.com,2022-03-05,Bronze,F
385,Zain Raza,user385@example.com,2022-09-03,Bronze,F
386,Bilal Raza,user386@example.com,2024-09-03,Silver,M
387,Amir Akram,user387@example.com,2024-06-01,Bronze,F
388,Bilal Akram,user388@example.com,2024-05-13,Bronze,M
389,Sara Shah,user389@example.com,2023-02-11,Bronze,M
390,Omar Hussain,user390@example.com,2024-08-31,Bronze,M
391,Sara Farooq,user391@example.com,2022-12-31,Bronze,F
392,Hina Akram,user392@example.com,2024-07-29,Bronze,F
393,Hina Hussain,user393@example.com,2023-03-19,Bronze,F
394,Fatima Qureshi,user394@example.com,2023-04-25,Gold,M
395,Aisha Shah,user395@example.com,2024-06-24,Bronze,M
396,Bilal Ali,user396@example.com,2023-11-27,Bronze,F
397,Aisha Hussain,user397@example.com,2022-09-21,Platinum,M
398,Fatima Hussain,user398@example.com,2024-12-24,Bronze,F
399,Hassan Raza,user399@example.com,2023-10-10,Silver,F
400,Ali Akram,user400@example.com,2023-07-01,Silver,M
401,Omar Ali,user401@example.com,2024-07-30,Bronze,F
402,Zain Hussain,user402@example.com,2024-06-28,Silver,F
403,Ahmed Raza,user403@example.com,2022-03-24,Bronze,M
404,Hina Khan,user404@example.com,2023-01-10,Silver,M
405,Zain Akram,user405@example.com,2022-11-18,Bronze,M
406,Bilal Ali,user406@example.com,2022-10-22,Bronze,M
407,Hina Shah,user407@example.com,2024-11-16,Bronze,F
408,Fatima Khan,user408@example.com,2024-07-01,Silver,F
409,Hassan Hussain,user409@example.com,2024-12-12,Bronze,F
410,Ali Farooq,user410@example.com,2024-11-12,Gold,M
411,Sara Qureshi,user411@example.com,2023-10-22,Silver,M
412,Bilal Shah,user412@example.com,2024-10-08,Bronze,M
413,Sara Raza,user413@example.com,2024-12-18,Silver,M
414,Fatima Farooq,user414@example.com,2024-04-29,Silver,F
415,Omar Akram,user415@example.com,2024-09-17,Bronze,F
416,Ahmed Qureshi,user416@example.com,2022-10-21,Gold,F
417,Hina Khan,user417@example.com,2023-01-25,Bronze,F
418,Bilal Hussain,user418@example.com,2023-09-25,Bronze,M
419,Zara Ali,user419@example.com,2023-03-04,Bronze,F
420,Aisha Raza,user420@example.com,2022-06-26,Bronze,F
421,Aisha Raza,user421@example.com,2023-02-05,Silver,M
422,Ali Akram,user422@example.com,2023-09-24,Silver,M
423,Hassan Raza,user423@example.com,2022-08-23,Silver,F
424,Bilal Hussain,user424@example.com,2023-03-07,Gold,M
425,Sara Hussain,user425@example.com,2024-03-20,Bronze,M
426,Fatima Akram,user426@example.com,2024-10-20,Bronze,M
427,Ahmed Qureshi,user427@example.com,2022-08-15,Bronze,M
428,Omar Raza,user428@example.com,2022-07-29,Bronze,M
429,Ahmed Qureshi,user429@example.com,2023-10-11,Silver,M
430,Hina Shah,user430@example.com,2023-09-13,Silver,M
431,Omar Qureshi,user431@example.com,2024-02-15,Silver,F
432,Bilal Shah,user432@example.com,2024-07-28,Bronze,F
433,Zain Khan,user433@example.com,2022-12-22,Bronze,M
434,Omar Khan,user434@example.com,2022-04-28,Silver,M
435,Hassan Ali,user435@example.com,2023-07-12,Bronze,F
436,Ahmed Shah,user436@example.com,2024-05-17,Gold,M
437,Aisha Farooq,user437@example.com,2023-09-06,Bronze,F
438,Hina Raza,user438@example.com,2022-06-20,Gold,M
439,Amir Shah,user439@example.com,2022-04-29,Silver,F
440,Hina Akram,user440@example.com,2023-11-29,Gold,F
441,Amir Hussain,user441@example.com,2022-06-24,Silver,M
442,Zain Farooq,user442@example.com,2023-10-27,Silver,M
443,Sara Khan,user443@example.com,2022-01-12,Bronze,M
444,Sara Raza,user444@example.com,2023-09-15,Silver,M
445,Hina Khan,user445@example.com,2024-09-09,Silver,M
446,Zain Hussain,user446@example.com,2023-10-06,Gold,F
447,Ahmed Ali,user447@example.com,2023-02-16,Bronze,M
448,Bilal Ali,user448@example.com,2023-05-31,Platinum,F
449,Hassan Qureshi,user449@example.com,2023-08-31,Silver,F
450,Bilal Shah,user450@example.com,2022-08-21,Bronze,F
451,Fatima Ali,user451@example.com,2022-01-26,Silver,M
452,Aisha Hussain,user452@example.com,2023-04-06,Silver,F
453,Bilal Hussain,user453@example.com,2023-05-06,Silver,F
454,Zain Qureshi,user454@example.com,2023-07-13,Bronze,F
455,Amir Khan,user455@example.com,2022-01-05,Bronze,M
456,Hina Shah,user456@example.com,2024-08-03,Bronze,F
457,Amir Raza,user457@example.com,2023-03-29,Silver,F
458,Ahmed Shah,user458@example.com,2023-12-15,Bronze,M
459,Aisha Shah,user459@example.com,2023-06-04,Bronze,M
460,Ali Khan,user460@example.com,2022-11-27,Silver,F
461,Bilal Akram,user461@example.com,2022-09-29,Silver,M
462,Hina Qureshi,user462@example.com,2023-03-22,Bronze,M
463,Omar Ali,user463@example.com,2024-11-08,Bronze,M
464,Ahmed Ali,user464@example.com,2023-09-12,Silver,F
465,Ahmed Khan,user465@example.com,2023-09-11,Bronze,F
466,Ahmed Farooq,user466@example.com,2023-06-04,Bronze,M
467,Sara Farooq,user467@example.com,2024-04-12,Bronze,F
468,Sara Qureshi,user468@example.com,2024-01-24,Silver,M
469,Omar Raza,user469@example.com,2022-03-15,Silver,M
470,Bilal Ali,user470@example.com,2022-06-20,Bronze,F
471,Hina Ali,user471@example.com,2023-04-01,Silver,M
472,Zara Khan,user472@example.com,2022-12-15,Bronze,F
473,Amir Akram,user473@example.com,2023-10-29,Platinum,M
474,Omar Raza,user474@example.com,2022-11-23,Bronze,M
475,Hassan Shah,user475@example.com,2023-12-19,Silver,F
476,Sara Raza,user476@example.com,2022-11-20,Silver,F
477,Amir Raza,user477@example.com,2022-11-11,Bronze,M
478,Amir Khan,user478@example.com,2022-12-20,Silver,M
479,Sara Raza,user479@example.com,2023-10-13,Bronze,M
480,Bilal Ali,user480@example.com,2023-02-07,Bronze,M
481,Fatima Farooq,user481@example.com,2022-06-03,Gold,M
482,Sara Farooq,user482@example.com,2024-05-23,Gold,M
483,Hina Khan,user483@example.com,2022-04-22,Gold,M
484,Omar Hussain,user484@example.com,2024-04-15,Bronze,F
485,Ali Hussain,user485@example.com,2022-02-09,Bronze,F
486,Hina Qureshi,user486@example.com,2024-10-24,Bronze,F
487,Fatima Raza,user487@example.com,2023-09-20,Bronze,M
488,Hassan Shah,user488@example.com,2023-11-12,Bronze,M
489,Zain Shah,user489@example.com,2023-11-11,Bronze,M
490,Sara Hussain,user490@example.com,2023-01-19,Bronze,F
491,Bilal Akram,user491@example.com,2024-11-27,Silver,F
492,Omar Raza,user492@example.com,2022-11-02,Gold,F
493,Zara Hussain,user493@example.com,2022-07-25,Bronze,M
494,Zain Akram,user494@example.com,2023-05-19,Silver,M
495,Hina Khan,user495@example.com,2022-09-29,Bronze,M
496,Amir Qureshi,user496@example.com,2023-03-19,Bronze,M
497,Ali Hussain,user497@example.com,2022-01-10,Bronze,M
498,Sara Farooq,user498@example.com,2022-06-02,Bronze,F
499,Ali Khan,user499@example.com,2023-07-17,Bronze,F
500,Hina Ali,user500@example.com,2022-04-14,Bronze,M
501,Zain Khan,user501@example.com,2024-10-03,Silver,F
502,Omar Khan,user502@example.com,2024-02-02,Bronze,M
503,Zain Shah,user503@example.com,2022-09-02,Gold,F
504,Bilal Qureshi,user504@example.com,2022-06-24,Bronze,M
505,Ali Hussain,user505@example.com,2024-05-13,Silver,M
506,Aisha Hussain,user506@example.com,2023-05-03,Silver,F
507,Ahmed Raza,user507@example.com,2024-01-29,Bronze,F
508,Aisha Shah,user508@example.com,2024-06-07,Bronze,M
509,Hassan Khan,user509@example.com,2022-10-10,Bronze,M
510,Aisha Hussain,user510@example.com,2023-12-17,Bronze,F
511,Omar Akram,user511@example.com,2023-03-28,Silver,M
512,Zain Hussain,user512@example.com,2022-11-09,Silver,M
513,Hina Farooq,user513@example.com,2023-03-27,Gold,F
514,Aisha Ali,user514@example.com,2023-05-15,Silver,M
515,Ali Akram,user515@example.com,2022-11-27,Bronze,M
516,Zain Khan,user516@example.com,2023-06-01,Silver,M
517,Zain Qureshi,user517@example.com,2024-12-18,Bronze,M
518,Omar Hussain,user518@example.com,2023-12-27,Bronze,M
519,Fatima Akram,user519@example.com,2022-10-16,Silver,F
520,Fatima Shah,user520@example.com,2022-08-03,Bronze,F
521,Hina Akram,user521@example.com,2024-11-18,Bronze,F
522,Omar Khan,user522@example.com,2022-08-06,Bronze,F
523,Ahmed Shah,user523@example.com,2023-11-12,Silver,F
524,Omar Khan,user524@example.com,2024-10-15,Silver,M
525,Aisha Qureshi,user525@example.com,2023-08-09,Silver,M
526,Fatima Farooq,user526@example.com,2022-08-07,Bronze,F
527,Zara Khan,user527@example.com,2024-08-07,Silver,M
528,Aisha Farooq,user528@example.com,2024-03-12,Silver,M
529,Zara Ali,user529@example.com,2022-03-14,Silver,F
530,Omar Hussain,user530@example.com,2022-04-10,Bronze,M
531,Sara Khan,user531@example.com,2023-08-18,Bronze,M
532,Zara Shah,user532@example.com,2024-08-04,Gold,M
533,Zain Akram,user533@example.com,2023-09-02,Bronze,M
534,Ali Khan,user534@example.com,2022-10-28,Bronze,M
535,Sara Hussain,user535@example.com,2022-02-15,Bronze,F
536,Zain Khan,user536@example.com,2024-04-21,Bronze,M
537,Aisha Akram,user537@example.com,2023-01-02,Bronze,M
538,Omar Hussain,user538@example.com,2024-07-03,Bronze,F
539,Omar Khan,user539@example.com,2022-06-19,Silver,M
540,Fatima Khan,user540@example.com,2024-01-27,Gold,F
541,Ali Khan,user541@example.com,2022-03-10,Bronze,F
542,Zara Raza,user542@example.com,2024-08-03,Silver,F
543,Zara Qureshi,user543@example.com,2022-12-04,Bronze,M
544,Ahmed Shah,user544@example.com,2023-10-01,Silver,F
545,Hina Shah,user545@example.com,2023-01-22,Silver,F
546,Hina Hussain,user546@example.com,2023-11-22,Silver,M
547,Zain Hussain,user547@example.com,2022-10-22,Bronze,M
548,Zain Raza,user548@example.com,2023-10-11,Bronze,F
549,Ahmed Raza,user549@example.com,2022-12-29,Silver,F
550,Hina Akram,user550@example.com,2022-04-02,Bronze,M
551,Zara Ali,user551@example.com,2024-02-11,Bronze,M
552,Zara Shah,user552@example.com,2022-03-29,Gold,M
553,Fatima Hussain,user553@example.com,2024-08-31,Bronze,M
554,Zain Shah,user554@example.com,2024-10-04,Bronze,F
555,Bilal Raza,user555@example.com,2022-08-30,Gold,F
556,Sara Hussain,user556@example.com,2024-03-13,Silver,M
557,Bilal Akram,user557@example.com,2022-10-10,Bronze,M
558,Hassan Raza,user558@example.com,2022-02-21,Gold,F
559,Fatima Qureshi,user559@example.com,2023-09-14,Bronze,M
560,Fatima Qureshi,user560@example.com,2022-04-07,Bronze,F
561,Zain Hussain,user561@example.com,2022-04-19,Bronze,M
562,Zain Raza,user562@example.com,2022-03-28,Silver,F
563,Aisha Shah,user563@example.com,2024-04-04,Bronze,M
564,Hassan Farooq,user564@example.com,2023-10-15,Silver,M
565,Fatima Raza,user565@example.com,2023-08-20,Silver,F
566,Ahmed Shah,user566@example.com,2023-10-24,Bronze,M
567,Zara Qureshi,user567@example.com,2024-07-26,Gold,M
568,Bilal Hussain,user568@example.com,2024-07-20,Bronze,M
569,Zara Shah,user569@example.com,2022-09-04,Bronze,M
570,Zain Farooq,user570@example.com,2023-02-16,Bronze,F
571,Omar Farooq,user571@example.com,2024-08-15,Gold,F
572,Hina Farooq,user572@example.com,2024-09-28,Bronze,M
573,Aisha Raza,user573@example.com,2024-01-28,Bronze,M
574,Ali Raza,user574@example.com,2024-04-11,Gold,M
575,Hina Ali,user575@example.com,2022-01-17,Bronze,M
576,Ali Hussain,user576@example.com,2024-10-27,Silver,F
577,Ali Khan,user577@example.com,2023-06-13,Gold,F
578,Aisha Farooq,user578@example.com,2023-06-25,Silver,F
579,Bilal Qureshi,user579@example.com,2022-01-25,Silver,F
580,Hina Khan,user580@example.com,2023-05-20,Gold,M
581,Bilal Hussain,user581@example.com,2023-09-22,Silver,M
582,Aisha Hussain,user582@example.com,2024-08-19,Bronze,M
583,Zara Raza,user583@example.com,2024-07-30,Bronze,F
584,Aisha Qureshi,user584@example.com,2023-07-14,Bronze,M
585,Zain Akram,user585@example.com,2024-01-21,Bronze,F
586,Bilal Akram,user586@example.com,2024-04-04,Platinum,M
587,Zain Farooq,user587@example.com,2023-06-16,Platinum,F
588,Aisha Hussain,user588@example.com,2022-01-03,Bronze,M
589,Zara Farooq,user589@example.com,2023-07-28,Bronze,M
590,Zara Ali,user590@example.com,2023-09-11,Gold,M
591,Ahmed Shah,user591@example.com,2023-07-15,Bronze,F
592,Ahmed Raza,user592@example.com,2023-12-20,Bronze,F
593,Omar Ali,user593@example.com,2022-11-10,Silver,F
594,Fatima Qureshi,user594@example.com,2023-04-30,Bronze,F
595,Zara Farooq,user595@example.com,2024-06-13,Gold,F
596,Ali Qureshi,user596@example.com,2023-12-28,Silver,M
597,Amir Akram,user597@example.com,2023-05-05,Bronze,F
598,Amir Akram,user598@example.com,2022-09-24,Bronze,M
599,Zara Khan,user599@example.com,2024-11-29,Bronze,F
600,Bilal Ali,user600@example.com,2022-10-27,Silver,F
601,Amir Ali,user601@example.com,2023-01-31,Bronze,M
602,Ali Qureshi,user602@example.com,2022-03-03,Silver,M
603,Zain Hussain,user603@example.com,2022-03-02,Bronze,M
604,Bilal Raza,user604@example.com,2024-07-11,Bronze,M
605,Fatima Raza,user605@example.com,2024-09-01,Silver,M
606,Fatima Shah,user606@example.com,2022-12-06,Bronze,M
607,Ali Raza,user607@example.com,2023-07-29,Bronze,M
608,Aisha Farooq,user608@example.com,2024-04-07,Bronze,F
609,Zain Khan,user609@example.com,2022-02-25,Bronze,M
610,Fatima Qureshi,user610@example.com,2022-03-18,Silver,F
611,Zara Khan,user611@example.com,2024-06-11,Bronze,M
612,Sara Akram,user612@example.com,2022-10-26,Gold,F
613,Amir Hussain,user613@example.com,2022-12-31,Bronze,F
614,Ali Hussain,user614@example.com,2024-10-08,Gold,F
615,Zain Hussain,user615@example.com,2023-05-23,Silver,M
616,Zain Farooq,user616@example.com,2023-04-07,Gold,F
617,Sara Qureshi,user617@example.com,2022-07-26,Bronze,M
618,Aisha Qureshi,user618@example.com,2023-12-10,Gold,F
619,Omar Akram,user619@example.com,2023-01-18,Silver,F
620,Zara Khan,user620@example.com,2024-12-07,Bronze,F
621,Ahmed Farooq,user621@example.com,2023-06-24,Bronze,M
622,Aisha Raza,user622@example.com,2024-02-19,Bronze,F
623,Amir Akram,user623@example.com,2024-11-03,Bronze,M
624,Ahmed Hussain,user624@example.com,2023-11-25,Bronze,F
625,Hassan Akram,user625@example.com,2023-07-25,Silver,F
626,Amir Shah,user626@example.com,2024-04-12,Silver,F
627,Hina Akram,user627@example.com,2023-02-10,Bronze,F
628,Ahmed Akram,user628@example.com,2023-03-10,Silver,F
629,Zara Farooq,user629@example.com,2024-02-19,Bronze,F
630,Zain Hussain,user630@example.com,2022-03-31,Bronze,M
631,Hassan Khan,user631@example.com,2024-01-12,Silver,M
632,Zara Qureshi,user632@example.com,2024-05-25,Bronze,M
633,Hina Raza,user633@example.com,2022-10-23,Bronze,F
634,Sara Akram,user634@example.com,2023-03-15,Gold,F
635,Fatima Qureshi,user635@example.com,2024-12-04,Platinum,F
636,Zara Raza,user636@example.com,2022-03-29,Gold,M
637,Aisha Akram,user637@example.com,2023-04-10,Silver,F
638,Hina Farooq,user638@example.com,2023-08-30,Silver,M
639,Bilal Farooq,user639@example.com,2024-08-02,Silver,F
640,Aisha Shah,user640@example.com,2024-12-30,Bronze,M
641,Sara Ali,user641@example.com,2023-12-29,Bronze,M
642,Hassan Akram,user642@example.com,2023-08-07,Bronze,M
643,Hina Hussain,user643@example.com,2022-04-20,Silver,M
644,Hina Akram,user644@example.com,2023-10-12,Bronze,M
645,Sara Raza,user645@example.com,2022-06-15,Gold,M
646,Fatima Shah,user646@example.com,2022-01-31,Bronze,F
647,Hassan Qureshi,user647@example.com,2023-05-01,Silver,M
648,Hina Hussain,user648@example.com,2024-12-24,Bronze,M
649,Omar Farooq,user649@example.com,2022-04-16,Bronze,M
650,Zain Raza,user650@example.com,2023-11-19,Bronze,F
651,Ali Farooq,user651@example.com,2022-04-16,Bronze,M
652,Fatima Raza,user652@example.com,2024-04-28,Silver,F
653,Amir Hussain,user653@example.com,2024-09-07,Bronze,F
654,Bilal Akram,user654@example.com,2024-11-27,Silver,M
655,Aisha Qureshi,user655@example.com,2024-11-07,Bronze,F
656,Zara Khan,user656@example.com,2022-08-12,Bronze,M
657,Ali Khan,user657@example.com,2024-09-05,Silver,M
658,Zain Akram,user658@example.com,2024-12-31,Bronze,F
659,Zain Farooq,user659@example.com,2022-04-30,Bronze,M
660,Bilal Hussain,user660@example.com,2024-01-28,Silver,M
661,Zain Qureshi,user661@example.com,2022-09-04,Bronze,M
662,Aisha Ali,user662@example.com,2023-01-22,Gold,M
663,Zara Farooq,user663@example.com,2022-12-15,Silver,M
664,Omar Farooq,user664@example.com,2022-10-14,Bronze,F
665,Fatima Farooq,user665@example.com,2023-01-23,Bronze,F
666,Ahmed Khan,user666@example.com,2022-10-03,Bronze,M
667,Sara Khan,user667@example.com,2024-06-29,Bronze,M
668,Hina Ali,user668@example.com,2022-04-19,Gold,F
669,Zara Ali,user669@example.com,2023-11-30,Bronze,M
670,Bilal Khan,user670@example.com,2024-06-05,Bronze,M
671,Ali Shah,user671@example.com,2024-05-20,Gold,M
672,Ahmed Raza,user672@example.com,2023-08-29,Bronze,M
673,Hina Hussain,user673@example.com,2023-09-20,Silver,M
674,Bilal Farooq,user674@example.com,2023-07-19,Bronze,M
675,Ali Khan,user675@example.com,2022-11-04,Gold,F
676,Bilal Hussain,user676@example.com,2022-05-20,Silver,M
677,Omar Qureshi,user677@example.com,2022-03-13,Gold,F
678,Zara Qureshi,user678@example.com,2024-12-01,Bronze,F
679,Zara Farooq,user679@example.com,2022-09-30,Bronze,F
680,Hassan Raza,user680@example.com,2023-02-28,Gold,M
681,Ahmed Shah,user681@example.com,2023-05-08,Silver,M
682,Omar Khan,user682@example.com,2022-08-15,Bronze,M
683,Hassan Hussain,user683@example.com,2024-12-22,Bronze,F
684,Zara Khan,user684@example.com,2024-10-26,Silver,M
685,Ahmed Shah,user685@example.com,2022-10-20,Gold,F
686,Amir Khan,user686@example.com,2022-02-27,Bronze,F
687,Ali Khan,user687@example.com,2023-12-01,Platinum,M
688,Aisha Shah,user688@example.com,2024-03-06,Bronze,M
689,Hina Khan,user689@example.com,2023-03-23,Platinum,F
690,Ahmed Akram,user690@example.com,2024-07-11,Bronze,M
691,Bilal Farooq,user691@example.com,2023-04-17,Bronze,M
692,Ahmed Hussain,user692@example.com,2024-07-08,Bronze,F
693,Amir Akram,user693@example.com,2024-10-30,Bronze,M
694,Aisha Ali,user694@example.com,2023-04-09,Silver,M
695,Omar Raza,user695@example.com,2022-06-11,Gold,M
696,Bilal Farooq,user696@example.com,2022-03-28,Bronze,M
697,Zain Khan,user697@example.com,2023-11-01,Gold,F
698,Sara Khan,user698@example.com,2023-09-20,Bronze,F
699,Ali Akram,user699@example.com,2022-10-21,Silver,F
700,Sara Farooq,user700@example.com,2024-11-14,Bronze,M
701,Hassan Shah,user701@example.com,2023-09-17,Bronze,M
702,Fatima Akram,user702@example.com,2022-04-01,Gold,F
703,Zain Qureshi,user703@example.com,2022-07-11,Gold,M
704,Omar Akram,user704@example.com,2024-10-05,Bronze,M
705,Hassan Ali,user705@example.com,2022-11-07,Bronze,M
706,Zain Raza,user706@example.com,2023-08-08,Gold,F
707,Hina Akram,user707@example.com,2024-03-29,Silver,M
708,Bilal Farooq,user708@example.com,2023-12-18,Bronze,M
709,Zain Akram,user709@example.com,2023-08-29,Bronze,F
710,Hassan Qureshi,user710@example.com,2023-11-05,Bronze,M
711,Bilal Khan,user711@example.com,2022-10-05,Bronze,F
712,Ali Khan,user712@example.com,2023-11-25,Gold,F
713,Zain Shah,user713@example.com,2023-09-03,Bronze,M
714,Ali Khan,user714@example.com,2023-08-25,Bronze,F
715,Zain Hussain,user715@example.com,2023-01-01,Bronze,M
716,Zain Raza,user716@example.com,2022-09-26,Bronze,M
717,Aisha Akram,user717@example.com,2022-01-06,Silver,M
718,Fatima Khan,user718@example.com,2022-01-26,Gold,M
719,Zain Shah,user719@example.com,2023-07-25,Silver,F
720,Ali Khan,user720@example.com,2023-06-10,Silver,M
721,Bilal Farooq,user721@example.com,2022-01-19,Silver,M
722,Aisha Khan,user722@example.com,2023-02-23,Bronze,F
723,Amir Qureshi,user723@example.com,2022-02-13,Silver,F
724,Ali Farooq,user724@example.com,2022-12-29,Platinum,M
725,Sara Raza,user725@example.com,2024-04-05,Bronze,M
726,Sara Qureshi,user726@example.com,2022-07-06,Bronze,F
727,Sara Raza,user727@example.com,2024-05-07,Bronze,F
728,Aisha Shah,user728@example.com,2022-05-16,Bronze,F
729,Omar Farooq,user729@example.com,2024-08-19,Gold,F
730,Aisha Farooq,user730@example.com,2024-09-28,Bronze,M
731,Amir Shah,user731@example.com,2023-10-20,Bronze,F
732,Fatima Akram,user732@example.com,2022-06-20,Gold,F
733,Zain Qureshi,user733@example.com,2023-05-09,Bronze,F
734,Zain Qureshi,user734@example.com,2023-08-31,Bronze,F
735,Zain Qureshi,user735@example.com,2023-01-11,Bronze,M
736,Zara Hussain,user736@example.com,2024-08-16,Bronze,F
737,Hassan Qureshi,user737@example.com,2023-12-27,Silver,M
738,Ali Akram,user738@example.com,2022-05-30,Silver,M
739,Zara Ali,user739@example.com,2022-03-17,Silver,F
740,Ali Hussain,user740@example.com,2024-04-20,Bronze,F
741,Hassan Farooq,user741@example.com,2024-06-02,Bronze,M
742,Bilal Ali,user742@example.com,2023-01-03,Bronze,F
743,Amir Khan,user743@example.com,2023-08-29,Bronze,M
744,Aisha Akram,user744@example.com,2022-02-17,Bronze,M
745,Zara Raza,user745@example.com,2023-02-09,Gold,M
746,Ali Qureshi,user746@example.com,2024-06-12,Gold,F
747,Amir Ali,user747@example.com,2022-02-23,Bronze,M
748,Aisha Ali,user748@example.com,2023-04-28,Bronze,F
749,Zain Khan,user749@example.com,2023-05-06,Bronze,M
750,Bilal Akram,user750@example.com,2024-09-25,Bronze,M
751,Zara Hussain,user751@example.com,2023-08-14,Bronze,F
752,Fatima Shah,user752@example.com,2023-07-29,Bronze,M
753,Zara Khan,user753@example.com,2024-12-22,Bronze,M
754,Hassan Qureshi,user754@example.com,2022-03-31,Bronze,M
755,Bilal Raza,user755@example.com,2024-07-14,Bronze,M
756,Fatima Raza,user756@example.com,2024-03-07,Bronze,M
757,Sara Hussain,user757@example.com,2023-04-06,Bronze,F
758,Zara Farooq,user758@example.com,2024-10-08,Bronze,F
759,Sara Ali,user759@example.com,2024-07-06,Bronze,M
760,Zain Akram,user760@example.com,2024-11-19,Bronze,F
761,Zara Shah,user761@example.com,2022-08-09,Bronze,M
762,Sara Khan,user762@example.com,2024-10-07,Bronze,M
763,Omar Akram,user763@example.com,2024-10-29,Bronze,M
764,Hassan Akram,user764@example.com,2023-09-30,Bronze,M
765,Sara Raza,user765@example.com,2023-08-12,Platinum,M
766,Fatima Akram,user766@example.com,2023-05-05,Silver,F
767,Omar Raza,user767@example.com,2023-02-19,Bronze,M
768,Ahmed Hussain,user768@example.com,2022-05-10,Silver,F
769,Fatima Raza,user769@example.com,2024-07-15,Silver,F
770,Fatima Raza,user770@example.com,2022-01-04,Silver,M
771,Bilal Farooq,user771@example.com,2024-09-18,Bronze,M
772,Amir Farooq,user772@example.com,2023-06-15,Bronze,F
773,Zara Hussain,user773@example.com,2023-05-08,Bronze,M
774,Zara Khan,user774@example.com,2022-07-01,Silver,F
775,Bilal Shah,user775@example.com,2022-01-30,Bronze,M
776,Amir Akram,user776@example.com,2022-10-25,Bronze,F
777,Omar Shah,user777@example.com,2023-07-08,Bronze,F
778,Zain Khan,user778@example.com,2023-04-13,Silver,M
779,Ahmed Qureshi,user779@example.com,2022-01-12,Bronze,M
780,Omar Ali,user780@example.com,2023-05-20,Bronze,M
781,Bilal Ali,user781@example.com,2022-11-17,Silver,F
782,Zain Hussain,user782@example.com,2023-07-23,Platinum,M
783,Bilal Raza,user783@example.com,2022-05-05,Bronze,M
784,Hassan Ali,user784@example.com,2023-11-05,Gold,M
785,Hina Shah,user785@example.com,2022-02-05,Platinum,F
786,Sara Qureshi,user786@example.com,2023-12-30,Bronze,F
787,Sara Ali,user787@example.com,2022-10-21,Bronze,M
788,Zara Qureshi,user788@example.com,2023-11-30,Gold,M
789,Aisha Shah,user789@example.com,2023-12-11,Silver,F
790,Fatima Shah,user790@example.com,2022-11-13,Bronze,M
791,Bilal Khan,user791@example.com,2023-11-12,Bronze,M
792,Hassan Raza,user792@example.com,2023-01-07,Silver,M
793,Zara Khan,user793@example.com,2024-02-24,Bronze,M
794,Fatima Qureshi,user794@example.com,2024-07-24,Gold,F
795,Hassan Khan,user795@example.com,2022-11-22,Silver,M
796,Ahmed Raza,user796@example.com,2024-04-16,Bronze,M
797,Fatima Khan,user797@example.com,2024-07-28,Bronze,M
798,Zain Qureshi,user798@example.com,2022-02-23,Gold,F
799,Aisha Khan,user799@example.com,2022-02-27,Bronze,M
800,Ahmed Raza,user800@example.com,2024-05-01,Silver,M
801,Aisha Khan,user801@example.com,2022-05-11,Silver,F
802,Bilal Akram,user802@example.com,2022-07-31,Silver,F
803,Sara Hussain,user803@example.com,2024-09-13,Silver,M
804,Bilal Khan,user804@example.com,2022-02-21,Bronze,F
805,Zara Hussain,user805@example.com,2024-05-07,Bronze,M
806,Zara Raza,user806@example.com,2024-07-12,Silver,F
807,Fatima Hussain,user807@example.com,2024-02-19,Bronze,M
808,Zara Ali,user808@example.com,2024-12-01,Silver,M
809,Zara Hussain,user809@example.com,2024-06-20,Bronze,M
810,Amir Akram,user810@example.com,2022-11-24,Bronze,F
811,Hina Farooq,user811@example.com,2022-09-24,Gold,F
812,Bilal Ali,user812@example.com,2023-10-14,Bronze,F
813,Hassan Qureshi,user813@example.com,2023-12-21,Bronze,F
814,Zain Shah,user814@example.com,2022-04-26,Silver,M
815,Ali Farooq,user815@example.com,2023-01-01,Bronze,M
816,Omar Farooq,user816@example.com,2023-03-05,Bronze,F
817,Omar Ali,user817@example.com,2024-07-09,Bronze,M
818,Sara Shah,user818@example.com,2022-11-30,Bronze,M
819,Aisha Qureshi,user819@example.com,2023-05-15,Bronze,M
820,Hina Khan,user820@example.com,2024-08-04,Bronze,F
821,Hassan Qureshi,user821@example.com,2022-09-01,Bronze,M
822,Omar Ali,user822@example.com,2024-10-05,Bronze,M
823,Fatima Qureshi,user823@example.com,2023-01-16,Bronze,F
824,Ali Khan,user824@example.com,2024-08-06,Silver,M
825,Sara Hussain,user825@example.com,2023-05-17,Bronze,F
826,Ahmed Khan,user826@example.com,2022-07-08,Bronze,M
827,Aisha Akram,user827@example.com,2024-01-26,Bronze,F
828,Omar Ali,user828@example.com,2023-05-23,Gold,F
829,Zara Hussain,user829@example.com,2024-11-20,Bronze,M
830,Amir Qureshi,user830@example.com,2024-11-28,Bronze,M
831,Zain Hussain,user831@example.com,2024-12-25,Silver,F
832,Ahmed Ali,user832@example.com,2023-11-24,Bronze,F
833,Amir Ali,user833@example.com,2023-08-22,Bronze,M
834,Bilal Qureshi,user834@example.com,2023-08-21,Bronze,M
835,Hassan Shah,user835@example.com,2022-02-02,Bronze,F
836,Zara Farooq,user836@example.com,2024-06-23,Gold,M
837,Ali Hussain,user837@example.com,2022-09-28,Silver,M
838,Bilal Shah,user838@example.com,2022-10-01,Bronze,F
839,Bilal Shah,user839@example.com,2022-12-30,Bronze,F
840,Sara Hussain,user840@example.com,2023-12-23,Bronze,M
841,Hina Shah,user841@example.com,2023-01-18,Silver,F
842,Omar Raza,user842@example.com,2022-05-24,Gold,M
843,Bilal Hussain,user843@example.com,2023-03-09,Bronze,M
844,Hassan Farooq,user844@example.com,2022-07-16,Silver,M
845,Amir Hussain,user845@example.com,2024-06-08,Bronze,M
846,Aisha Hussain,user846@example.com,2024-02-17,Bronze,M
847,Zain Akram,user847@example.com,2023-09-15,Gold,F
848,Aisha Qureshi,user848@example.com,2023-06-04,Silver,M
849,Sara Hussain,user849@example.com,2023-08-20,Bronze,F
850,Aisha Qureshi,user850@example.com,2022-01-09,Bronze,F
851,Omar Farooq,user851@example.com,2022-01-15,Silver,F
852,Zain Qureshi,user852@example.com,2022-04-23,Silver,M
853,Zara Qureshi,user853@example.com,2024-08-09,Bronze,F
854,Omar Khan,user854@example.com,2024-07-25,Bronze,M
855,Zain Farooq,user855@example.com,2024-08-22,Gold,M
856,Zara Shah,user856@example.com,2023-10-20,Silver,M
857,Bilal Hussain,user857@example.com,2024-12-15,Bronze,M
858,Hina Qureshi,user858@example.com,2023-04-13,Bronze,M
859,Omar Ali,user859@example.com,2022-11-19,Platinum,M
860,Hina Qureshi,user860@example.com,2023-08-29,Bronze,M
861,Sara Shah,user861@example.com,2024-04-29,Silver,F
862,Fatima Raza,user862@example.com,2022-06-24,Gold,M
863,Ahmed Farooq,user863@example.com,2022-02-04,Bronze,F
864,Zain Raza,user864@example.com,2022-08-21,Silver,F
865,Zain Farooq,user865@example.com,2022-03-17,Silver,M
866,Zara Khan,user866@example.com,2024-07-03,Bronze,M
867,Ali Raza,user867@example.com,2023-02-14,Gold,F
868,Hina Qureshi,user868@example.com,2022-10-21,Bronze,M
869,Zain Shah,user869@example.com,2023-06-12,Silver,F
870,Hina Akram,user870@example.com,2022-08-02,Gold,F
871,Omar Khan,user871@example.com,2022-03-06,Bronze,M
872,Fatima Hussain,user872@example.com,2024-07-07,Bronze,F
873,Ahmed Farooq,user873@example.com,2022-11-09,Bronze,M
874,Bilal Ali,user874@example.com,2023-11-11,Bronze,M
875,Sara Hussain,user875@example.com,2023-10-08,Bronze,F
876,Omar Farooq,user876@example.com,2023-06-17,Silver,F
877,Ali Farooq,user877@example.com,2022-04-11,Gold,M
878,Bilal Khan,user878@example.com,2022-02-27,Bronze,M
879,Omar Raza,user879@example.com,2023-07-04,Bronze,M
880,Ahmed Qureshi,user880@example.com,2024-02-10,Bronze,M
881,Hina Hussain,user881@example.com,2022-05-26,Silver,M
882,Hina Raza,user882@example.com,2024-11-24,Gold,M
883,Ali Akram,user883@example.com,2023-05-06,Bronze,M
884,Aisha Farooq,user884@example.com,2023-12-24,Silver,M
885,Omar Khan,user885@example.com,2024-12-01,Bronze,M
886,Bilal Qureshi,user886@example.com,2022-12-11,Bronze,F
887,Amir Shah,user887@example.com,2024-05-22,Bronze,M
888,Amir Ali,user888@example.com,2023-06-26,Silver,F
889,Hina Akram,user889@example.com,2023-01-16,Silver,M
890,Hina Khan,user890@example.com,2023-09-13,Silver,F
891,Aisha Khan,user891@example.com,2024-12-28,Bronze,F
892,Ahmed Farooq,user892@example.com,2023-06-09,Bronze,F
893,Omar Qureshi,user893@example.com,2022-03-08,Bronze,M
894,Omar Shah,user894@example.com,2022-09-24,Bronze,M
895,Sara Qureshi,user895@example.com,2023-10-15,Silver,M
896,Hina Khan,user896@example.com,2022-11-04,Bronze,F
897,Bilal Farooq,user897@example.com,2022-06-28,Gold,M
898,Ahmed Akram,user898@example.com,2024-01-18,Bronze,M
899,Omar Raza,user899@example.com,2024-05-20,Silver,F
900,Aisha Ali,user900@example.com,2023-08-17,Bronze,M
901,Hassan Hussain,user901@example.com,2024-08-13,Bronze,M
902,Hina Khan,user902@example.com,2022-11-20,Silver,M
903,Aisha Farooq,user903@example.com,2022-09-27,Bronze,F
904,Fatima Shah,user904@example.com,2023-04-12,Silver,F
905,Zain Qureshi,user905@example.com,2023-08-18,Gold,M
906,Fatima Hussain,user906@example.com,2023-06-30,Bronze,F
907,Ahmed Farooq,user907@example.com,2022-05-14,Silver,M
908,Ali Shah,user908@example.com,2022-11-27,Bronze,M
909,Ahmed Akram,user909@example.com,2024-06-17,Bronze,M
910,Aisha Ali,user910@example.com,2023-11-19,Bronze,F
911,Zara Qureshi,user911@example.com,2022-06-28,Gold,M
912,Zara Farooq,user912@example.com,2024-06-23,Platinum,F
913,Hina Qureshi,user913@example.com,2023-12-09,Silver,F
914,Hina Farooq,user914@example.com,2022-10-10,Platinum,M
915,Fatima Akram,user915@example.com,2024-04-22,Silver,F
916,Sara Raza,user916@example.com,2023-01-18,Bronze,F
917,Aisha Akram,user917@example.com,2023-09-03,Silver,F
918,Ali Akram,user918@example.com,2024-11-13,Bronze,F
919,Zain Shah,user919@example.com,2024-11-16,Silver,F
920,Hina Farooq,user920@example.com,2023-01-22,Silver,F
921,Ahmed Qureshi,user921@example.com,2022-12-18,Bronze,F
922,Sara Khan,user922@example.com,2024-02-20,Platinum,M
923,Bilal Shah,user923@example.com,2024-06-07,Bronze,M
924,Fatima Raza,user924@example.com,2024-02-04,Bronze,M
925,Zara Shah,user925@example.com,2023-01-21,Bronze,F
926,Hina Shah,user926@example.com,2022-12-06,Bronze,F
927,Aisha Raza,user927@example.com,2022-11-02,Silver,M
928,Ali Qureshi,user928@example.com,2023-03-18,Bronze,F
929,Fatima Ali,user929@example.com,2024-05-11,Bronze,F
930,Hassan Raza,user930@example.com,2023-03-24,Bronze,M
931,Hina Khan,user931@example.com,2023-12-10,Gold,M
932,Zara Akram,user932@example.com,2024-04-11,Bronze,F
933,Zain Hussain,user933@example.com,2024-05-27,Gold,F
934,Ali Khan,user934@example.com,2022-08-04,Bronze,M
935,Zara Hussain,user935@example.com,2022-02-28,Silver,F
936,Omar Farooq,user936@example.com,2022-08-16,Gold,M
937,Ahmed Farooq,user937@example.com,2024-05-23,Bronze,F
938,Hina Ali,user938@example.com,2023-11-25,Bronze,M
939,Fatima Raza,user939@example.com,2023-03-02,Gold,F
940,Zain Hussain,user940@example.com,2024-02-01,Bronze,M
941,Fatima Qureshi,user941@example.com,2022-05-26,Platinum,F
942,Zain Ali,user942@example.com,2022-07-12,Gold,M
943,Ahmed Hussain,user943@example.com,2024-07-05,Bronze,F
944,Bilal Ali,user944@example.com,2023-11-22,Bronze,F
945,Zara Shah,user945@example.com,2024-04-19,Bronze,M
946,Hina Qureshi,user946@example.com,2022-03-24,Bronze,M
947,Bilal Hussain,user947@example.com,2023-07-28,Bronze,F
948,Sara Shah,user948@example.com,2023-03-01,Bronze,F
949,Ahmed Farooq,user949@example.com,2022-05-02,Bronze,M
950,Omar Farooq,user950@example.com,2023-07-23,Bronze,F
951,Ali Akram,user951@example.com,2024-05-02,Bronze,M
952,Aisha Khan,user952@example.com,2022-08-07,Silver,M
953,Zara Raza,user953@example.com,2024-12-13,Bronze,M
954,Ali Akram,user954@example.com,2023-08-09,Bronze,M
955,Zara Farooq,user955@example.com,2023-11-24,Bronze,M
956,Sara Shah,user956@example.com,2023-08-13,Bronze,F
957,Ahmed Ali,user957@example.com,2023-03-10,Bronze,M
958,Zain Shah,user958@example.com,2024-03-10,Bronze,F
959,Hassan Ali,user959@example.com,2022-07-30,Bronze,M
960,Fatima Farooq,user960@example.com,2023-04-06,Platinum,F
961,Amir Khan,user961@example.com,2024-09-01,Silver,F
962,Zara Khan,user962@example.com,2024-12-28,Bronze,F
963,Ali Qureshi,user963@example.com,2023-08-22,Silver,M
964,Amir Hussain,user964@example.com,2022-03-20,Silver,F
965,Ali Khan,user965@example.com,2023-11-12,Gold,F
966,Ahmed Hussain,user966@example.com,2023-09-09,Bronze,M
967,Zain Farooq,user967@example.com,2024-10-30,Bronze,F
968,Sara Raza,user968@example.com,2022-05-06,Bronze,M
969,Aisha Farooq,user969@example.com,2022-02-25,Bronze,M
970,Zara Akram,user970@example.com,2022-07-06,Silver,M
971,Sara Ali,user971@example.com,2022-01-13,Bronze,F
972,Zain Qureshi,user972@example.com,2023-03-23,Bronze,F
973,Omar Raza,user973@example.com,2022-06-25,Bronze,M
974,Hina Qureshi,user974@example.com,2023-01-01,Bronze,M
975,Hassan Khan,user975@example.com,2024-06-07,Bronze,F
976,Sara Khan,user976@example.com,2022-04-27,Bronze,F
977,Amir Hussain,user977@example.com,2023-10-23,Bronze,M
978,Amir Raza,user978@example.com,2024-07-01,Bronze,M
979,Hassan Raza,user979@example.com,2022-03-14,Gold,M
980,Sara Ali,user980@example.com,2024-10-15,Silver,F
981,Zara Akram,user981@example.com,2022-09-22,Bronze,M
982,Bilal Raza,user982@example.com,2022-09-04,Silver,F
983,Omar Ali,user983@example.com,2022-06-03,Bronze,F
984,Hassan Hussain,user984@example.com,2023-03-26,Gold,F
985,Bilal Khan,user985@example.com,2023-08-11,Silver,M
986,Zara Khan,user986@example.com,2023-07-21,Silver,F
987,Sara Raza,user987@example.com,2024-12-05,Silver,F
988,Zain Shah,user988@example.com,2023-07-15,Bronze,M
989,Amir Qureshi,user989@example.com,2023-05-02,Bronze,F
990,Fatima Khan,user990@example.com,2024-03-21,Bronze,F
991,Ali Ali,user991@example.com,2022-10-28,Bronze,M
992,Sara Raza,user992@example.com,2023-04-04,Silver,F
993,Ali Akram,user993@example.com,2023-12-31,Bronze,F
994,Hina Shah,user994@example.com,2023-09-02,Silver,M
995,Sara Qureshi,user995@example.com,2024-01-16,Platinum,M
996,Fatima Khan,user996@example.com,2022-10-31,Bronze,M
997,Zara Shah,user997@example.com,2024-06-17,Bronze,F
998,Sara Shah,user998@example.com,2024-02-23,Bronze,F
999,Zain Raza,user999@example.com,2022-10-05,Bronze,F
1000,Zain Shah,user1000@example.com,2024-12-10,Bronze,F
1001,Aisha Shah,user1001@example.com,2022-03-25,Gold,M
1002,Fatima Hussain,user1002@example.com,2024-12-28,Bronze,M
1003,Amir Raza,user1003@example.com,2023-06-19,Silver,M
1004,Aisha Raza,user1004@example.com,2023-06-13,Bronze,F
1005,Omar Hussain,user1005@example.com,2023-02-26,Gold,F
1006,Aisha Farooq,user1006@example.com,2024-11-03,Silver,M
1007,Fatima Shah,user1007@example.com,2023-06-30,Bronze,F
1008,Ali Hussain,user1008@example.com,2024-08-15,Silver,M
1009,Fatima Akram,user1009@example.com,2024-07-26,Bronze,M
1010,Zain Khan,user1010@example.com,2024-04-29,Silver,F
1011,Ali Ali,user1011@example.com,2024-05-15,Bronze,M
1012,Zara Farooq,user1012@example.com,2024-06-13,Bronze,M
1013,Amir Hussain,user1013@example.com,2023-09-28,Bronze,M
1014,Sara Qureshi,user1014@example.com,2024-10-28,Silver,M
1015,Zain Ali,user1015@example.com,2024-09-07,Silver,M
1016,Fatima Akram,user1016@example.com,2022-08-04,Bronze,M
1017,Amir Shah,user1017@example.com,2022-03-27,Bronze,F
1018,Amir Shah,user1018@example.com,2024-12-10,Silver,M
1019,Amir Qureshi,user1019@example.com,2023-12-13,Bronze,M
1020,Omar Shah,user1020@example.com,2022-02-08,Bronze,M
1021,Hina Akram,user1021@example.com,2024-04-04,Bronze,F
1022,Amir Hussain,user1022@example.com,2022-04-20,Silver,M
1023,Amir Ali,user1023@example.com,2022-01-25,Bronze,M
1024,Sara Qureshi,user1024@example.com,2022-12-09,Bronze,M
1025,Hina Khan,user1025@example.com,2022-09-15,Bronze,M
1026,Ahmed Akram,user1026@example.com,2023-03-11,Bronze,F
1027,Hina Qureshi,user1027@example.com,2022-11-05,Bronze,F
1028,Zara Ali,user1028@example.com,2024-07-31,Bronze,M
1029,Amir Hussain,user1029@example.com,2022-07-29,Bronze,M
1030,Fatima Hussain,user1030@example.com,2024-04-12,Bronze,M
1031,Omar Qureshi,user1031@example.com,2022-02-26,Bronze,M
1032,Zain Raza,user1032@example.com,2022-03-31,Bronze,M
1033,Bilal Ali,user1033@example.com,2024-08-28,Silver,M
1034,Hassan Shah,user1034@example.com,2024-08-29,Bronze,F
1035,Amir Ali,user1035@example.com,2022-01-16,Bronze,F
1036,Omar Qureshi,user1036@example.com,2024-02-22,Gold,F
1037,Amir Akram,user1037@example.com,2024-04-24,Bronze,M
1038,Amir Qureshi,user1038@example.com,2023-10-01,Silver,M
1039,Aisha Farooq,user1039@example.com,2023-12-11,Bronze,M
1040,Amir Raza,user1040@example.com,2023-02-25,Platinum,M
1041,Ali Hussain,user1041@example.com,2023-04-06,Bronze,M
1042,Sara Qureshi,user1042@example.com,2022-12-02,Silver,M
1043,Bilal Akram,user1043@example.com,2022-12-23,Bronze,M
1044,Omar Akram,user1044@example.com,2024-08-07,Silver,F
1045,Aisha Raza,user1045@example.com,2023-04-27,Gold,F
1046,Amir Raza,user1046@example.com,2023-01-03,Silver,M
1047,Zain Akram,user1047@example.com,2023-06-29,Bronze,F
1048,Hassan Qureshi,user1048@example.com,2022-11-03,Bronze,F
1049,Zain Farooq,user1049@example.com,2022-08-09,Bronze,M
1050,Bilal Shah,user1050@example.com,2022-01-04,Gold,M
1051,Sara Khan,user1051@example.com,2022-08-03,Bronze,F
1052,Aisha Khan,user1052@example.com,2023-07-27,Gold,F
1053,Omar Farooq,user1053@example.com,2022-08-14,Silver,M
1054,Omar Farooq,user1054@example.com,2023-03-05,Bronze,M
1055,Bilal Akram,user1055@example.com,2024-12-28,Bronze,M
1056,Amir Khan,user1056@example.com,2023-01-03,Platinum,F
1057,Amir Shah,user1057@example.com,2023-07-15,Bronze,F
1058,Sara Khan,user1058@example.com,2022-02-28,Bronze,M
1059,Ahmed Khan,user1059@example.com,2023-04-17,Bronze,F
1060,Hina Qureshi,user1060@example.com,2024-12-10,Bronze,F
1061,Ali Akram,user1061@example.com,2023-04-19,Bronze,F
1062,Zara Akram,user1062@example.com,2024-08-17,Bronze,M
1063,Aisha Shah,user1063@example.com,2024-05-03,Gold,F
1064,Bilal Khan,user1064@example.com,2023-08-11,Bronze,M
1065,Bilal Farooq,user1065@example.com,2022-07-26,Silver,M
1066,Hassan Farooq,user1066@example.com,2024-10-06,Silver,F
1067,Ahmed Shah,user1067@example.com,2022-03-03,Bronze,F
1068,Aisha Raza,user1068@example.com,2024-10-27,Bronze,M
1069,Zara Ali,user1069@example.com,2022-11-21,Bronze,M
1070,Omar Raza,user1070@example.com,2022-08-19,Gold,M
1071,Zain Hussain,user1071@example.com,2023-11-22,Bronze,M
1072,Ali Farooq,user1072@example.com,2022-03-26,Silver,M
1073,Ali Raza,user1073@example.com,2024-12-17,Bronze,M
1074,Hina Shah,user1074@example.com,2022-05-27,Silver,M
1075,Hina Khan,user1075@example.com,2023-03-22,Bronze,M
1076,Amir Akram,user1076@example.com,2022-04-05,Gold,F
1077,Amir Hussain,user1077@example.com,2022-04-02,Gold,F
1078,Fatima Akram,user1078@example.com,2024-07-04,Bronze,F
1079,Hassan Qureshi,user1079@example.com,2024-12-16,Bronze,M
1080,Ali Raza,user1080@example.com,2022-10-04,Bronze,M
1081,Omar Farooq,user1081@example.com,2022-08-25,Bronze,M
1082,Sara Akram,user1082@example.com,2022-04-19,Gold,M
1083,Fatima Shah,user1083@example.com,2023-01-08,Bronze,F
1084,Ali Raza,user1084@example.com,2022-10-02,Gold,M
1085,Amir Ali,user1085@example.com,2022-11-11,Bronze,M
1086,Ahmed Farooq,user1086@example.com,2023-07-28,Silver,F
1087,Fatima Ali,user1087@example.com,2024-01-28,Bronze,M
1088,Sara Qureshi,user1088@example.com,2023-03-05,Bronze,M
1089,Bilal Akram,user1089@example.com,2023-12-29,Bronze,M
1090,Hina Shah,user1090@example.com,2024-12-16,Silver,M
1091,Hina Hussain,user1091@example.com,2022-07-28,Gold,M
1092,Omar Farooq,user1092@example.com,2024-07-08,Bronze,M
1093,Zara Hussain,user1093@example.com,2023-12-26,Bronze,M
1094,Zara Hussain,user1094@example.com,2024-08-15,Bronze,M
1095,Zara Akram,user1095@example.com,2023-06-14,Silver,F
1096,Ahmed Akram,user1096@example.com,2024-04-01,Gold,F
1097,Sara Ali,user1097@example.com,2024-11-27,Bronze,F
1098,Omar Shah,user1098@example.com,2023-07-01,Bronze,M
1099,Sara Farooq,user1099@example.com,2024-08-17,Bronze,M
1100,Zara Shah,user1100@example.com,2024-03-26,Silver,M
1101,Sara Farooq,user1101@example.com,2022-03-29,Bronze,F
1102,Bilal Ali,user1102@example.com,2022-05-13,Silver,M
1103,Bilal Akram,user1103@example.com,2023-10-20,Silver,M
1104,Bilal Ali,user1104@example.com,2022-01-17,Bronze,F
1105,Aisha Akram,user1105@example.com,2023-05-18,Bronze,M
1106,Ahmed Shah,user1106@example.com,2022-02-14,Silver,M
1107,Bilal Farooq,user1107@example.com,2022-11-22,Silver,M
1108,Aisha Hussain,user1108@example.com,2022-08-02,Silver,M
1109,Bilal Raza,user1109@example.com,2023-11-19,Bronze,M
1110,Ahmed Akram,user1110@example.com,2023-08-23,Bronze,M
1111,Hassan Qureshi,user1111@example.com,2023-12-18,Bronze,M
1112,Sara Qureshi,user1112@example.com,2024-08-12,Bronze,M
1113,Hassan Qureshi,user1113@example.com,2023-11-19,Bronze,M
1114,Bilal Khan,user1114@example.com,2023-04-06,Gold,F
1115,Zara Shah,user1115@example.com,2022-12-21,Silver,F
1116,Sara Ali,user1116@example.com,2024-03-30,Bronze,F
1117,Zain Farooq,user1117@example.com,2023-03-15,Gold,F
1118,Bilal Qureshi,user1118@example.com,2022-03-25,Gold,M
1119,Omar Raza,user1119@example.com,2023-05-08,Silver,F
1120,Ali Khan,user1120@example.com,2022-02-09,Bronze,F
1121,Aisha Hussain,user1121@example.com,2023-06-01,Bronze,F
1122,Hassan Qureshi,user1122@example.com,2022-06-11,Bronze,M
1123,Fatima Raza,user1123@example.com,2024-12-25,Gold,M
1124,Sara Khan,user1124@example.com,2024-01-08,Bronze,M
1125,Fatima Farooq,user1125@example.com,2023-01-30,Bronze,M
1126,Zain Shah,user1126@example.com,2023-10-04,Gold,F
1127,Bilal Khan,user1127@example.com,2022-02-18,Silver,M
1128,Hassan Farooq,user1128@example.com,2024-02-25,Silver,M
1129,Aisha Farooq,user1129@example.com,2024-04-11,Bronze,M
1130,Bilal Ali,user1130@example.com,2022-03-28,Bronze,M
1131,Aisha Ali,user1131@example.com,2023-05-29,Bronze,M
1132,Zara Raza,user1132@example.com,2022-06-30,Bronze,F
1133,Zara Shah,user1133@example.com,2023-05-08,Bronze,M
1134,Amir Farooq,user1134@example.com,2023-07-19,Bronze,M
1135,Bilal Ali,user1135@example.com,2022-08-12,Silver,M
1136,Omar Qureshi,user1136@example.com,2022-12-15,Gold,M
1137,Fatima Akram,user1137@example.com,2024-06-12,Bronze,M
1138,Sara Hussain,user1138@example.com,2022-04-07,Platinum,M
1139,Ali Raza,user1139@example.com,2024-01-05,Bronze,M
1140,Sara Hussain,user1140@example.com,2022-12-04,Gold,M
1141,Aisha Farooq,user1141@example.com,2023-09-07,Silver,F
1142,Sara Hussain,user1142@example.com,2023-12-04,Bronze,F
1143,Bilal Raza,user1143@example.com,2024-08-17,Silver,F
1144,Ahmed Akram,user1144@example.com,2022-08-18,Gold,F
1145,Bilal Akram,user1145@example.com,2023-05-17,Gold,M
1146,Ali Hussain,user1146@example.com,2024-08-27,Silver,F
1147,Hassan Raza,user1147@example.com,2022-09-12,Bronze,M
1148,Zara Qureshi,user1148@example.com,2022-09-16,Gold,F
1149,Hina Qureshi,user1149@example.com,2024-01-17,Bronze,F
1150,Zain Ali,user1150@example.com,2022-12-24,Silver,F
1151,Hina Khan,user1151@example.com,2023-09-21,Silver,M
1152,Hina Hussain,user1152@example.com,2024-10-10,Silver,F
1153,Sara Qureshi,user1153@example.com,2024-12-17,Silver,F
1154,Omar Farooq,user1154@example.com,2023-05-17,Bronze,M
1155,Zain Raza,user1155@example.com,2024-04-18,Bronze,F
1156,Zain Akram,user1156@example.com,2023-03-08,Bronze,F
1157,Ali Khan,user1157@example.com,2023-05-26,Platinum,F
1158,Aisha Khan,user1158@example.com,2024-09-14,Bronze,F
1159,Hassan Ali,user1159@example.com,2024-12-01,Bronze,M
1160,Ahmed Khan,user1160@example.com,2024-07-11,Platinum,F
1161,Sara Khan,user1161@example.com,2022-03-08,Silver,M
1162,Hassan Ali,user1162@example.com,2024-04-05,Silver,F
1163,Bilal Shah,user1163@example.com,2024-03-15,Bronze,F
1164,Sara Khan,user1164@example.com,2024-02-02,Platinum,M
1165,Omar Farooq,user1165@example.com,2022-02-15,Silver,M
1166,Bilal Raza,user1166@example.com,2024-04-24,Bronze,M
1167,Aisha Qureshi,user1167@example.com,2023-06-24,Bronze,M
1168,Zara Khan,user1168@example.com,2022-08-31,Bronze,M
1169,Omar Ali,user1169@example.com,2023-12-06,Silver,M
1170,Zara Raza,user1170@example.com,2023-02-01,Platinum,M
1171,Fatima Khan,user1171@example.com,2024-09-28,Bronze,F
1172,Fatima Hussain,user1172@example.com,2022-01-07,Gold,M
1173,Ahmed Khan,user1173@example.com,2023-03-31,Bronze,M
1174,Hassan Akram,user1174@example.com,2024-11-17,Bronze,M
1175,Aisha Qureshi,user1175@example.com,2022-02-05,Bronze,M
1176,Amir Hussain,user1176@example.com,2022-11-03,Bronze,F
1177,Sara Raza,user1177@example.com,2022-06-30,Bronze,M
1178,Sara Raza,user1178@example.com,2023-03-10,Bronze,M
1179,Ahmed Raza,user1179@example.com,2023-01-19,Bronze,M
1180,Zain Ali,user1180@example.com,2024-02-24,Gold,F
1181,Omar Farooq,user1181@example.com,2023-07-15,Bronze,F
1182,Zara Khan,user1182@example.com,2024-05-20,Bronze,F
1183,Ahmed Hussain,user1183@example.com,2022-07-30,Gold,F
1184,Sara Akram,user1184@example.com,2023-06-25,Bronze,M
1185,Aisha Raza,user1185@example.com,2023-05-21,Gold,F
1186,Ali Raza,user1186@example.com,2024-03-23,Bronze,F
1187,Sara Akram,user1187@example.com,2022-01-09,Bronze,M
1188,Ahmed Shah,user1188@example.com,2024-07-09,Bronze,F
1189,Sara Ali,user1189@example.com,2024-01-24,Bronze,F
1190,Zara Shah,user1190@example.com,2023-09-18,Bronze,M
1191,Amir Ali,user1191@example.com,2024-08-11,Bronze,F
1192,Omar Khan,user1192@example.com,2024-09-24,Bronze,M
1193,Ali Akram,user1193@example.com,2024-12-11,Gold,M
1194,Bilal Raza,user1194@example.com,2024-07-15,Bronze,M
1195,Ali Shah,user1195@example.com,2023-08-02,Bronze,M
1196,Aisha Ali,user1196@example.com,2023-11-28,Bronze,M
1197,Ahmed Shah,user1197@example.com,2023-05-30,Silver,M
1198,Fatima Akram,user1198@example.com,2023-11-06,Silver,M
1199,Zain Khan,user1199@example.com,2022-06-21,Bronze,F
1200,Ahmed Qureshi,user1200@example.com,2024-09-04,Bronze,M
1201,Amir Akram,user1201@example.com,2024-02-07,Platinum,M
1202,Ahmed Raza,user1202@example.com,2022-10-13,Bronze,M
1203,Fatima Hussain,user1203@example.com,2023-02-01,Bronze,F
1204,Hina Raza,user1204@example.com,2024-03-21,Bronze,F
1205,Bilal Khan,user1205@example.com,2023-03-26,Bronze,F
1206,Ahmed Raza,user1206@example.com,2022-04-10,Bronze,M
1207,Zain Raza,user1207@example.com,2023-05-06,Silver,M
1208,Hina Ali,user1208@example.com,2024-04-04,Platinum,M
1209,Hina Khan,user1209@example.com,2024-02-12,Bronze,M
1210,Aisha Farooq,user1210@example.com,2024-07-11,Bronze,F
1211,Aisha Qureshi,user1211@example.com,2023-11-13,Silver,F
1212,Ali Hussain,user1212@example.com,2022-08-17,Silver,M
1213,Fatima Farooq,user1213@example.com,2023-06-08,Bronze,M
1214,Hassan Raza,user1214@example.com,2022-05-13,Bronze,F
1215,Ali Hussain,user1215@example.com,2024-03-01,Bronze,F
1216,Hassan Shah,user1216@example.com,2023-07-05,Bronze,M
1217,Ali Shah,user1217@example.com,2023-10-08,Silver,M
1218,Hina Ali,user1218@example.com,2024-12-31,Silver,M
1219,Amir Shah,user1219@example.com,2022-05-30,Bronze,M
1220,Bilal Hussain,user1220@example.com,2024-08-01,Bronze,M
1221,Hassan Khan,user1221@example.com,2022-09-08,Bronze,M
1222,Omar Raza,user1222@example.com,2022-08-14,Silver,M
1223,Zain Hussain,user1223@example.com,2024-10-19,Bronze,F
1224,Fatima Qureshi,user1224@example.com,2023-12-05,Bronze,M
1225,Fatima Khan,user1225@example.com,2022-05-13,Platinum,M
1226,Sara Raza,user1226@example.com,2022-05-09,Silver,F
1227,Ahmed Akram,user1227@example.com,2022-11-29,Bronze,M
1228,Hina Hussain,user1228@example.com,2022-12-22,Platinum,F
1229,Aisha Qureshi,user1229@example.com,2024-10-10,Bronze,M
1230,Omar Hussain,user1230@example.com,2022-03-05,Bronze,M
1231,Ahmed Shah,user1231@example.com,2023-05-21,Silver,F
1232,Ali Raza,user1232@example.com,2024-05-07,Gold,F
1233,Hassan Khan,user1233@example.com,2024-04-12,Bronze,F
1234,Zain Farooq,user1234@example.com,2024-10-20,Bronze,M
1235,Ali Farooq,user1235@example.com,2023-01-14,Bronze,F
1236,Bilal Farooq,user1236@example.com,2024-08-19,Bronze,F
1237,Hassan Khan,user1237@example.com,2022-09-24,Bronze,F
1238,Ahmed Qureshi,user1238@example.com,2023-11-04,Bronze,M
1239,Aisha Akram,user1239@example.com,2022-01-31,Bronze,M
1240,Hina Khan,user1240@example.com,2023-06-23,Gold,F
1241,Hassan Ali,user1241@example.com,2023-11-23,Bronze,M
1242,Zain Akram,user1242@example.com,2024-07-16,Bronze,M
1243,Aisha Khan,user1243@example.com,2024-03-29,Gold,M
1244,Omar Khan,user1244@example.com,2023-01-06,Silver,F
1245,Ahmed Shah,user1245@example.com,2023-11-28,Silver,F
1246,Hassan Akram,user1246@example.com,2022-03-10,Bronze,F
1247,Hina Qureshi,user1247@example.com,2022-07-31,Bronze,M
1248,Bilal Raza,user1248@example.com,2023-07-05,Platinum,F
1249,Hina Qureshi,user1249@example.com,2024-03-25,Bronze,M
1250,Fatima Qureshi,user1250@example.com,2023-11-21,Silver,M
1251,Ahmed Farooq,user1251@example.com,2024-03-14,Bronze,M
1252,Omar Ali,user1252@example.com,2024-09-04,Bronze,F
1253,Amir Raza,user1253@example.com,2022-03-01,Bronze,M
1254,Amir Ali,user1254@example.com,2024-01-27,Bronze,M
1255,Omar Raza,user1255@example.com,2023-02-05,Bronze,M
1256,Amir Shah,user1256@example.com,2023-08-28,Bronze,F
1257,Fatima Qureshi,user1257@example.com,2023-08-12,Silver,M
1258,Ali Farooq,user1258@example.com,2024-07-17,Gold,F
1259,Aisha Hussain,user1259@example.com,2022-11-22,Silver,M
1260,Sara Khan,user1260@example.com,2024-04-21,Bronze,F
1261,Zara Qureshi,user1261@example.com,2023-03-21,Bronze,M
1262,Fatima Qureshi,user1262@example.com,2024-10-14,Bronze,M
1263,Aisha Khan,user1263@example.com,2022-01-21,Platinum,M
1264,Ali Qureshi,user1264@example.com,2024-03-19,Bronze,M
1265,Omar Ali,user1265@example.com,2023-03-13,Bronze,M
1266,Zain Farooq,user1266@example.com,2024-09-19,Silver,F
1267,Ahmed Farooq,user1267@example.com,2023-04-08,Bronze,F
1268,Amir Shah,user1268@example.com,2024-03-24,Silver,M
1269,Zara Farooq,user1269@example.com,2023-09-10,Bronze,M
1270,Sara Qureshi,user1270@example.com,2023-05-11,Bronze,F
1271,Zara Khan,user1271@example.com,2022-10-15,Bronze,M
1272,Hassan Ali,user1272@example.com,2022-05-17,Silver,F
1273,Sara Shah,user1273@example.com,2022-03-27,Bronze,M
1274,Aisha Hussain,user1274@example.com,2023-03-09,Silver,M
1275,Fatima Hussain,user1275@example.com,2023-01-31,Bronze,F
1276,Hassan Farooq,user1276@example.com,2023-06-25,Bronze,M
1277,Ahmed Akram,user1277@example.com,2022-09-28,Silver,F
1278,Zain Farooq,user1278@example.com,2022-02-28,Silver,M
1279,Hina Ali,user1279@example.com,2022-05-03,Silver,M
1280,Ahmed Farooq,user1280@example.com,2024-10-18,Bronze,M
1281,Aisha Khan,user1281@example.com,2023-01-30,Bronze,M
1282,Hassan Farooq,user1282@example.com,2024-08-09,Bronze,M
1283,Hassan Ali,user1283@example.com,2024-11-04,Bronze,F
1284,Bilal Akram,user1284@example.com,2024-03-28,Silver,F
1285,Bilal Shah,user1285@example.com,2023-06-05,Bronze,F
1286,Hassan Ali,user1286@example.com,2024-08-25,Silver,M
1287,Zara Farooq,user1287@example.com,2022-08-14,Gold,M
1288,Bilal Akram,user1288@example.com,2024-11-01,Bronze,M
1289,Fatima Raza,user1289@example.com,2023-10-09,Bronze,M
1290,Ali Qureshi,user1290@example.com,2024-10-02,Bronze,M
1291,Zara Ali,user1291@example.com,2024-05-05,Silver,F
1292,Ahmed Qureshi,user1292@example.com,2024-12-06,Bronze,F
1293,Hina Khan,user1293@example.com,2022-10-01,Silver,M
1294,Bilal Qureshi,user1294@example.com,2023-01-15,Bronze,F
1295,Zara Shah,user1295@example.com,2024-01-16,Bronze,F
1296,Bilal Hussain,user1296@example.com,2023-04-11,Silver,F
1297,Zain Raza,user1297@example.com,2022-11-05,Bronze,M
1298,Hassan Khan,user1298@example.com,2022-10-13,Bronze,F
1299,Amir Khan,user1299@example.com,2024-01-08,Bronze,M
1300,Fatima Shah,user1300@example.com,2023-04-21,Bronze,M
1301,Zain Akram,user1301@example.com,2023-02-13,Bronze,F
1302,Aisha Akram,user1302@example.com,2023-01-02,Bronze,F
1303,Bilal Hussain,user1303@example.com,2024-05-21,Gold,F
1304,Fatima Shah,user1304@example.com,2023-02-07,Silver,F
1305,Ahmed Khan,user1305@example.com,2024-03-26,Bronze,M
1306,Bilal Khan,user1306@example.com,2024-11-28,Bronze,M
1307,Hina Ali,user1307@example.com,2022-11-20,Bronze,F
1308,Hassan Hussain,user1308@example.com,2024-07-17,Gold,M
1309,Zain Hussain,user1309@example.com,2022-04-15,Bronze,F
1310,Bilal Shah,user1310@example.com,2024-02-02,Bronze,F
1311,Ahmed Khan,user1311@example.com,2022-08-13,Silver,F
1312,Hina Raza,user1312@example.com,2023-03-20,Silver,F
1313,Hina Raza,user1313@example.com,2022-06-04,Bronze,M
1314,Hina Qureshi,user1314@example.com,2023-12-10,Bronze,M
1315,Amir Ali,user1315@example.com,2022-05-17,Bronze,M
1316,Fatima Farooq,user1316@example.com,2023-03-13,Platinum,F
1317,Aisha Akram,user1317@example.com,2023-12-03,Bronze,F
1318,Zain Hussain,user1318@example.com,2024-10-28,Bronze,F
1319,Zain Qureshi,user1319@example.com,2024-04-01,Bronze,M
1320,Ahmed Qureshi,user1320@example.com,2024-01-18,Silver,F
1321,Sara Shah,user1321@example.com,2024-09-02,Bronze,M
1322,Ali Raza,user1322@example.com,2023-02-09,Bronze,M
1323,Zain Qureshi,user1323@example.com,2022-04-25,Bronze,M
1324,Omar Farooq,user1324@example.com,2022-10-29,Bronze,F
1325,Omar Hussain,user1325@example.com,2024-06-25,Bronze,M
1326,Ali Khan,user1326@example.com,2024-10-31,Bronze,M
1327,Hassan Ali,user1327@example.com,2024-09-25,Bronze,M
1328,Zain Akram,user1328@example.com,2024-03-08,Silver,M
1329,Sara Farooq,user1329@example.com,2024-05-04,Bronze,M
1330,Zain Raza,user1330@example.com,2024-04-22,Silver,M
1331,Zara Farooq,user1331@example.com,2023-01-31,Bronze,M
1332,Fatima Ali,user1332@example.com,2023-07-28,Platinum,M
1333,Omar Ali,user1333@example.com,2024-10-01,Bronze,M
1334,Omar Qureshi,user1334@example.com,2023-10-19,Bronze,F
1335,Ahmed Akram,user1335@example.com,2022-08-11,Bronze,M
1336,Amir Akram,user1336@example.com,2022-12-23,Bronze,F
1337,Zara Khan,user1337@example.com,2024-10-11,Silver,F
1338,Amir Hussain,user1338@example.com,2024-04-01,Silver,M
1339,Omar Hussain,user1339@example.com,2022-04-09,Gold,F
1340,Aisha Shah,user1340@example.com,2024-10-06,Bronze,F
1341,Sara Hussain,user1341@example.com,2022-12-03,Platinum,M
1342,Zara Qureshi,user1342@example.com,2024-05-30,Bronze,F
1343,Ahmed Akram,user1343@example.com,2023-06-12,Bronze,F
1344,Hina Qureshi,user1344@example.com,2022-06-15,Bronze,M
1345,Sara Ali,user1345@example.com,2023-05-18,Bronze,M
1346,Amir Qureshi,user1346@example.com,2023-01-31,Silver,F
1347,Zain Ali,user1347@example.com,2022-08-24,Bronze,M
1348,Zain Qureshi,user1348@example.com,2022-07-01,Bronze,F
1349,Hina Khan,user1349@example.com,2022-04-06,Bronze,M
1350,Zara Ali,user1350@example.com,2023-11-27,Bronze,M
1351,Zain Hussain,user1351@example.com,2022-05-13,Bronze,F
1352,Zain Shah,user1352@example.com,2024-02-27,Bronze,F
1353,Ahmed Ali,user1353@example.com,2022-06-10,Bronze,F
1354,Ahmed Ali,user1354@example.com,2024-08-24,Bronze,M
1355,Fatima Shah,user1355@example.com,2024-04-03,Bronze,F
1356,Aisha Hussain,user1356@example.com,2024-12-03,Silver,F
1357,Zara Ali,user1357@example.com,2024-05-01,Silver,F
1358,Zara Hussain,user1358@example.com,2022-11-11,Gold,F
1359,Amir Hussain,user1359@example.com,2024-05-19,Silver,M
1360,Ahmed Akram,user1360@example.com,2022-12-23,Silver,M
1361,Bilal Raza,user1361@example.com,2023-07-06,Bronze,M
1362,Aisha Qureshi,user1362@example.com,2022-03-24,Platinum,M
1363,Ahmed Akram,user1363@example.com,2024-08-01,Silver,M
1364,Ali Akram,user1364@example.com,2024-04-18,Bronze,M
1365,Sara Raza,user1365@example.com,2022-10-20,Gold,M
1366,Fatima Farooq,user1366@example.com,2022-08-22,Silver,M
1367,Ali Farooq,user1367@example.com,2024-06-08,Silver,M
1368,Aisha Farooq,user1368@example.com,2023-03-17,Bronze,M
1369,Hassan Farooq,user1369@example.com,2022-12-10,Silver,F
1370,Fatima Hussain,user1370@example.com,2024-09-15,Bronze,F
1371,Ahmed Farooq,user1371@example.com,2023-06-11,Bronze,F
1372,Sara Hussain,user1372@example.com,2022-01-29,Silver,M
1373,Hassan Khan,user1373@example.com,2024-07-28,Silver,M
1374,Hina Raza,user1374@example.com,2022-08-17,Bronze,F
1375,Hina Shah,user1375@example.com,2023-07-27,Bronze,F
1376,Aisha Shah,user1376@example.com,2024-05-24,Bronze,F
1377,Amir Shah,user1377@example.com,2022-06-14,Bronze,M
1378,Omar Khan,user1378@example.com,2022-07-12,Bronze,M
1379,Bilal Hussain,user1379@example.com,2023-04-26,Bronze,M
1380,Ali Akram,user1380@example.com,2023-04-11,Bronze,M
1381,Ali Farooq,user1381@example.com,2023-08-28,Bronze,F
1382,Ali Shah,user1382@example.com,2023-05-29,Bronze,M
1383,Sara Shah,user1383@example.com,2023-05-15,Bronze,F
1384,Fatima Khan,user1384@example.com,2023-10-28,Bronze,M
1385,Hina Akram,user1385@example.com,2024-04-28,Bronze,F
1386,Hina Akram,user1386@example.com,2023-02-17,Bronze,F
1387,Omar Hussain,user1387@example.com,2022-12-19,Gold,F
1388,Amir Ali,user1388@example.com,2023-07-12,Bronze,F
1389,Hassan Ali,user1389@example.com,2023-08-12,Silver,M
1390,Hina Hussain,user1390@example.com,2024-01-21,Silver,M
1391,Aisha Qureshi,user1391@example.com,2023-12-04,Bronze,M
1392,Zara Khan,user1392@example.com,2024-03-18,Bronze,F
1393,Sara Qureshi,user1393@example.com,2022-07-22,Bronze,M
1394,Amir Hussain,user1394@example.com,2024-06-10,Bronze,F
1395,Zara Farooq,user1395@example.com,2022-01-23,Bronze,F
1396,Hassan Shah,user1396@example.com,2022-11-17,Bronze,F
1397,Hina Khan,user1397@example.com,2024-05-07,Bronze,M
1398,Zain Raza,user1398@example.com,2024-08-23,Bronze,M
1399,Bilal Shah,user1399@example.com,2023-07-02,Bronze,M
1400,Bilal Ali,user1400@example.com,2024-10-06,Silver,M
1401,Sara Farooq,user1401@example.com,2022-11-10,Bronze,M
1402,Fatima Raza,user1402@example.com,2023-12-01,Silver,M
1403,Zara Farooq,user1403@example.com,2022-07-17,Gold,M
1404,Sara Akram,user1404@example.com,2024-12-16,Gold,M
1405,Ahmed Ali,user1405@example.com,2023-08-23,Bronze,F
1406,Zara Ali,user1406@example.com,2024-04-18,Bronze,M
1407,Zara Khan,user1407@example.com,2022-10-17,Bronze,F
1408,Hassan Akram,user1408@example.com,2023-04-16,Bronze,M
1409,Bilal Shah,user1409@example.com,2024-05-14,Silver,F
1410,Zara Qureshi,user1410@example.com,2024-08-13,Bronze,F
1411,Hina Raza,user1411@example.com,2023-10-26,Gold,M
1412,Zain Shah,user1412@example.com,2022-11-17,Bronze,F
1413,Zara Raza,user1413@example.com,2024-04-28,Bronze,M
1414,Bilal Raza,user1414@example.com,2024-07-27,Bronze,F
1415,Amir Shah,user1415@example.com,2023-12-17,Silver,F
1416,Amir Qureshi,user1416@example.com,2022-01-26,Silver,M
1417,Amir Ali,user1417@example.com,2024-04-28,Bronze,F
1418,Sara Hussain,user1418@example.com,2024-03-12,Gold,F
1419,Sara Raza,user1419@example.com,2024-09-05,Silver,F
1420,Sara Khan,user1420@example.com,2022-04-15,Bronze,M
1421,Amir Hussain,user1421@example.com,2023-10-08,Bronze,M
1422,Fatima Qureshi,user1422@example.com,2023-03-29,Bronze,F
1423,Fatima Hussain,user1423@example.com,2022-06-14,Bronze,F
1424,Zain Shah,user1424@example.com,2024-08-14,Bronze,F
1425,Sara Akram,user1425@example.com,2023-05-20,Bronze,M
1426,Hassan Akram,user1426@example.com,2024-02-04,Bronze,F
1427,Ali Ali,user1427@example.com,2023-06-24,Silver,F
1428,Amir Khan,user1428@example.com,2024-12-01,Silver,M
1429,Aisha Khan,user1429@example.com,2024-07-06,Bronze,F
1430,Hina Farooq,user1430@example.com,2022-08-24,Bronze,F
1431,Fatima Ali,user1431@example.com,2024-10-29,Bronze,M
1432,Aisha Akram,user1432@example.com,2023-08-05,Bronze,F
1433,Amir Shah,user1433@example.com,2022-06-13,Bronze,F
1434,Amir Akram,user1434@example.com,2024-11-17,Silver,M
1435,Bilal Qureshi,user1435@example.com,2024-03-29,Bronze,F
1436,Ahmed Ali,user1436@example.com,2024-02-08,Bronze,M
1437,Sara Akram,user1437@example.com,2022-04-15,Gold,F
1438,Ali Ali,user1438@example.com,2024-01-13,Silver,M
1439,Ali Raza,user1439@example.com,2023-08-15,Bronze,M
1440,Fatima Qureshi,user1440@example.com,2023-09-13,Bronze,M
1441,Zara Akram,user1441@example.com,2024-09-18,Bronze,M
1442,Ali Farooq,user1442@example.com,2023-04-02,Bronze,M
1443,Zara Ali,user1443@example.com,2023-12-10,Bronze,M
1444,Zara Akram,user1444@example.com,2023-07-14,Bronze,M
1445,Sara Akram,user1445@example.com,2024-12-13,Gold,F
1446,Zain Farooq,user1446@example.com,2024-03-12,Platinum,F
1447,Zain Ali,user1447@example.com,2022-12-16,Bronze,M
1448,Bilal Khan,user1448@example.com,2023-08-07,Gold,M
1449,Hassan Akram,user1449@example.com,2023-06-04,Gold,M
1450,Aisha Farooq,user1450@example.com,2023-09-21,Bronze,F
1451,Ahmed Khan,user1451@example.com,2022-06-27,Bronze,M
1452,Omar Shah,user1452@example.com,2024-01-29,Bronze,F
1453,Sara Ali,user1453@example.com,2022-05-25,Silver,F
1454,Zain Farooq,user1454@example.com,2023-04-22,Silver,M
1455,Hina Hussain,user1455@example.com,2023-10-28,Bronze,F
1456,Amir Ali,user1456@example.com,2023-11-12,Bronze,F
1457,Omar Ali,user1457@example.com,2022-05-24,Bronze,M
1458,Omar Raza,user1458@example.com,2024-03-09,Silver,M
1459,Hina Hussain,user1459@example.com,2022-10-24,Bronze,M
1460,Zain Qureshi,user1460@example.com,2023-01-13,Bronze,F
1461,Omar Ali,user1461@example.com,2023-03-15,Bronze,F
1462,Zara Shah,user1462@example.com,2023-01-31,Bronze,M
1463,Ahmed Hussain,user1463@example.com,2022-01-20,Bronze,M
1464,Zain Farooq,user1464@example.com,2022-07-05,Bronze,M
1465,Aisha Qureshi,user1465@example.com,2022-08-11,Silver,F
1466,Zain Khan,user1466@example.com,2022-08-16,Silver,F
1467,Hassan Akram,user1467@example.com,2022-10-18,Silver,M
1468,Sara Qureshi,user1468@example.com,2024-10-24,Gold,F
1469,Bilal Qureshi,user1469@example.com,2022-08-01,Gold,F
1470,Zara Raza,user1470@example.com,2023-01-16,Bronze,F
1471,Amir Shah,user1471@example.com,2022-04-16,Bronze,M
1472,Aisha Qureshi,user1472@example.com,2024-05-30,Bronze,M
1473,Hassan Ali,user1473@example.com,2024-09-08,Bronze,F
1474,Sara Farooq,user1474@example.com,2022-12-18,Bronze,F
1475,Zara Farooq,user1475@example.com,2023-09-16,Silver,M
1476,Zara Qureshi,user1476@example.com,2024-10-23,Bronze,F
1477,Zara Raza,user1477@example.com,2022-06-26,Silver,F
1478,Aisha Shah,user1478@example.com,2024-08-12,Gold,F
1479,Bilal Shah,user1479@example.com,2023-08-29,Bronze,F
1480,Fatima Farooq,user1480@example.com,2024-01-16,Silver,M
1481,Hina Khan,user1481@example.com,2024-07-28,Bronze,F
1482,Omar Akram,user1482@example.com,2024-12-25,Bronze,F
1483,Omar Shah,user1483@example.com,2022-03-14,Silver,M
1484,Fatima Raza,user1484@example.com,2022-09-29,Bronze,F
1485,Ali Shah,user1485@example.com,2022-11-06,Gold,F
1486,Omar Ali,user1486@example.com,2023-08-02,Silver,F
1487,Ali Hussain,user1487@example.com,2024-03-05,Bronze,M
1488,Aisha Khan,user1488@example.com,2023-01-11,Bronze,M
1489,Hassan Farooq,user1489@example.com,2022-03-17,Silver,M
1490,Omar Ali,user1490@example.com,2022-02-10,Bronze,M
1491,Fatima Hussain,user1491@example.com,2023-04-14,Bronze,F
1492,Zara Hussain,user1492@example.com,2024-12-11,Bronze,F
1493,Ahmed Farooq,user1493@example.com,2024-12-10,Silver,F
1494,Zara Akram,user1494@example.com,2022-07-15,Bronze,M
1495,Omar Ali,user1495@example.com,2022-05-28,Silver,M
1496,Zara Akram,user1496@example.com,2023-02-06,Platinum,M
1497,Sara Khan,user1497@example.com,2022-09-25,Bronze,M
1498,Omar Shah,user1498@example.com,2022-11-02,Gold,M
1499,Sara Qureshi,user1499@example.com,2023-11-20,Silver,M
1500,Zara Qureshi,user1500@example.com,2024-04-16,Bronze,F
1501,Fatima Khan,user1501@example.com,2023-09-22,Bronze,F
1502,Ahmed Shah,user1502@example.com,2022-09-14,Bronze,M
1503,Amir Farooq,user1503@example.com,2023-04-09,Silver,M
1504,Fatima Farooq,user1504@example.com,2022-03-13,Bronze,M
1505,Aisha Farooq,user1505@example.com,2023-05-12,Bronze,M
1506,Hassan Ali,user1506@example.com,2022-04-03,Bronze,F
1507,Ali Khan,user1507@example.com,2022-12-12,Silver,M
1508,Sara Farooq,user1508@example.com,2024-02-20,Bronze,F
1509,Hina Raza,user1509@example.com,2023-08-23,Bronze,M
1510,Amir Khan,user1510@example.com,2023-02-15,Bronze,F
1511,Bilal Khan,user1511@example.com,2024-11-06,Bronze,M
1512,Hassan Shah,user1512@example.com,2024-09-15,Bronze,M
1513,Ali Shah,user1513@example.com,2022-07-23,Bronze,F
1514,Amir Shah,user1514@example.com,2024-11-20,Bronze,F
1515,Amir Qureshi,user1515@example.com,2022-09-10,Bronze,F
1516,Fatima Hussain,user1516@example.com,2022-10-26,Bronze,M
1517,Hina Akram,user1517@example.com,2024-04-15,Bronze,M
1518,Bilal Farooq,user1518@example.com,2023-03-23,Silver,M
1519,Zain Qureshi,user1519@example.com,2023-03-18,Bronze,F
1520,Zain Khan,user1520@example.com,2023-07-23,Bronze,F
1521,Fatima Ali,user1521@example.com,2024-04-17,Bronze,F
1522,Zain Ali,user1522@example.com,2024-01-17,Gold,F
1523,Fatima Khan,user1523@example.com,2023-11-29,Gold,M
1524,Sara Ali,user1524@example.com,2024-02-13,Bronze,M
1525,Sara Hussain,user1525@example.com,2023-02-16,Platinum,F
1526,Aisha Hussain,user1526@example.com,2023-01-17,Bronze,M
1527,Hassan Akram,user1527@example.com,2024-05-15,Bronze,F
1528,Fatima Hussain,user1528@example.com,2024-05-09,Bronze,F
1529,Zara Akram,user1529@example.com,2024-12-10,Bronze,F
1530,Aisha Qureshi,user1530@example.com,2023-06-22,Platinum,F
1531,Ahmed Akram,user1531@example.com,2022-12-22,Bronze,M
1532,Bilal Raza,user1532@example.com,2022-05-03,Silver,M
1533,Aisha Farooq,user1533@example.com,2024-02-09,Bronze,M
1534,Amir Qureshi,user1534@example.com,2023-06-23,Bronze,M
1535,Fatima Hussain,user1535@example.com,2024-03-19,Bronze,M
1536,Zain Ali,user1536@example.com,2023-07-22,Silver,F
1537,Zain Shah,user1537@example.com,2024-03-08,Bronze,M
1538,Aisha Farooq,user1538@example.com,2024-01-13,Bronze,M
1539,Hina Shah,user1539@example.com,2023-07-04,Silver,M
1540,Hassan Khan,user1540@example.com,2022-09-01,Bronze,M
1541,Zara Akram,user1541@example.com,2022-12-31,Platinum,M
1542,Omar Ali,user1542@example.com,2024-12-05,Bronze,F
1543,Ali Raza,user1543@example.com,2022-05-04,Bronze,F
1544,Bilal Akram,user1544@example.com,2024-06-17,Silver,M
1545,Omar Farooq,user1545@example.com,2024-10-22,Silver,F
1546,Fatima Akram,user1546@example.com,2023-09-18,Silver,F
1547,Zara Farooq,user1547@example.com,2024-08-16,Bronze,M
1548,Sara Raza,user1548@example.com,2024-01-17,Bronze,F
1549,Amir Hussain,user1549@example.com,2023-09-15,Platinum,F
1550,Omar Hussain,user1550@example.com,2023-04-04,Bronze,F
1551,Zain Qureshi,user1551@example.com,2024-09-08,Bronze,M
1552,Sara Shah,user1552@example.com,2023-10-02,Bronze,M
1553,Sara Qureshi,user1553@example.com,2022-08-14,Bronze,M
1554,Amir Ali,user1554@example.com,2024-04-28,Bronze,M
1555,Ali Khan,user1555@example.com,2022-08-27,Silver,M
1556,Zara Akram,user1556@example.com,2022-12-23,Bronze,M
1557,Ali Qureshi,user1557@example.com,2023-03-09,Gold,F
1558,Hassan Qureshi,user1558@example.com,2024-06-20,Bronze,M
1559,Amir Ali,user1559@example.com,2022-02-18,Silver,M
1560,Ahmed Ali,user1560@example.com,2023-02-24,Bronze,F
1561,Bilal Akram,user1561@example.com,2023-03-10,Silver,M
1562,Sara Khan,user1562@example.com,2022-02-15,Bronze,F
1563,Zara Farooq,user1563@example.com,2022-08-18,Silver,F
1564,Ahmed Khan,user1564@example.com,2022-03-29,Gold,M
1565,Ali Shah,user1565@example.com,2023-08-24,Bronze,M
1566,Aisha Hussain,user1566@example.com,2022-08-02,Bronze,F
1567,Zara Akram,user1567@example.com,2024-03-24,Bronze,F
1568,Zara Raza,user1568@example.com,2023-07-12,Platinum,F
1569,Sara Hussain,user1569@example.com,2024-03-30,Silver,M
1570,Sara Akram,user1570@example.com,2023-01-18,Bronze,M
1571,Aisha Khan,user1571@example.com,2022-04-27,Silver,F
1572,Hassan Shah,user1572@example.com,2023-10-06,Bronze,F
1573,Omar Akram,user1573@example.com,2022-05-27,Platinum,F
1574,Zain Farooq,user1574@example.com,2022-03-04,Silver,M
1575,Sara Hussain,user1575@example.com,2023-11-11,Bronze,M
1576,Zara Raza,user1576@example.com,2023-04-09,Gold,F
1577,Bilal Qureshi,user1577@example.com,2023-09-30,Silver,M
1578,Fatima Qureshi,user1578@example.com,2022-07-14,Bronze,M
1579,Fatima Khan,user1579@example.com,2024-09-05,Bronze,M
1580,Ahmed Raza,user1580@example.com,2023-08-22,Bronze,F
1581,Ali Shah,user1581@example.com,2024-02-05,Bronze,F
1582,Bilal Raza,user1582@example.com,2023-09-11,Silver,M
1583,Amir Shah,user1583@example.com,2024-04-20,Bronze,F
1584,Fatima Shah,user1584@example.com,2024-02-05,Bronze,M
1585,Sara Hussain,user1585@example.com,2024-04-05,Bronze,M
1586,Fatima Ali,user1586@example.com,2022-11-07,Bronze,M
1587,Aisha Raza,user1587@example.com,2022-02-21,Bronze,M
1588,Ali Akram,user1588@example.com,2023-11-03,Silver,M
1589,Hassan Akram,user1589@example.com,2022-01-28,Bronze,M
1590,Sara Farooq,user1590@example.com,2024-02-24,Silver,M
1591,Amir Qureshi,user1591@example.com,2024-11-12,Bronze,M
1592,Hassan Ali,user1592@example.com,2023-04-24,Silver,F
1593,Aisha Raza,user1593@example.com,2023-04-12,Bronze,M
1594,Amir Ali,user1594@example.com,2023-01-23,Bronze,F
1595,Ali Shah,user1595@example.com,2022-06-25,Silver,F
1596,Fatima Akram,user1596@example.com,2022-10-04,Silver,M
1597,Amir Khan,user1597@example.com,2022-10-21,Silver,F
1598,Fatima Akram,user1598@example.com,2023-03-27,Bronze,M
1599,Aisha Shah,user1599@example.com,2024-02-29,Bronze,F
1600,Bilal Qureshi,user1600@example.com,2022-11-29,Gold,F
1601,Aisha Shah,user1601@example.com,2024-03-07,Bronze,M
1602,Omar Qureshi,user1602@example.com,2023-07-12,Silver,F
1603,Hina Ali,user1603@example.com,2023-08-12,Bronze,M
1604,Ahmed Khan,user1604@example.com,2023-04-12,Bronze,M
1605,Ali Ali,user1605@example.com,2022-09-05,Platinum,F
1606,Bilal Farooq,user1606@example.com,2023-12-04,Bronze,M
1607,Bilal Ali,user1607@example.com,2022-11-08,Silver,M
1608,Ali Akram,user1608@example.com,2023-04-01,Bronze,M
1609,Hassan Khan,user1609@example.com,2022-05-01,Bronze,F
1610,Amir Khan,user1610@example.com,2024-02-11,Bronze,F
1611,Ali Khan,user1611@example.com,2022-07-19,Silver,F
1612,Fatima Qureshi,user1612@example.com,2024-12-21,Bronze,M
1613,Ali Ali,user1613@example.com,2024-04-20,Bronze,M
1614,Omar Ali,user1614@example.com,2023-11-22,Platinum,F
1615,Aisha Ali,user1615@example.com,2023-04-26,Bronze,F
1616,Ahmed Farooq,user1616@example.com,2023-10-01,Bronze,F
1617,Zain Hussain,user1617@example.com,2023-02-21,Silver,F
1618,Fatima Qureshi,user1618@example.com,2023-04-13,Silver,F
1619,Omar Khan,user1619@example.com,2024-09-19,Bronze,F
1620,Amir Khan,user1620@example.com,2023-05-05,Platinum,M
1621,Omar Shah,user1621@example.com,2023-12-09,Silver,F
1622,Aisha Ali,user1622@example.com,2023-03-16,Silver,M
1623,Hassan Raza,user1623@example.com,2023-09-25,Bronze,M
1624,Zain Qureshi,user1624@example.com,2024-09-12,Silver,M
1625,Hassan Qureshi,user1625@example.com,2023-08-06,Silver,M
1626,Bilal Hussain,user1626@example.com,2022-12-10,Silver,M
1627,Bilal Shah,user1627@example.com,2024-11-08,Platinum,F
1628,Ali Ali,user1628@example.com,2022-07-11,Bronze,M
1629,Bilal Raza,user1629@example.com,2023-03-03,Gold,F
1630,Aisha Raza,user1630@example.com,2022-01-09,Bronze,M
1631,Omar Raza,user1631@example.com,2024-10-28,Bronze,F
1632,Ali Khan,user1632@example.com,2022-07-23,Bronze,F
1633,Zara Qureshi,user1633@example.com,2023-11-20,Bronze,F
1634,Hina Hussain,user1634@example.com,2024-11-14,Silver,M
1635,Aisha Ali,user1635@example.com,2023-11-21,Bronze,F
1636,Ahmed Raza,user1636@example.com,2024-08-10,Silver,F
1637,Zain Khan,user1637@example.com,2024-01-17,Bronze,F
1638,Zain Shah,user1638@example.com,2024-03-30,Silver,M
1639,Hassan Qureshi,user1639@example.com,2022-12-11,Bronze,F
1640,Bilal Khan,user1640@example.com,2022-02-02,Bronze,F
1641,Bilal Khan,user1641@example.com,2023-05-04,Bronze,M
1642,Zara Akram,user1642@example.com,2024-11-06,Bronze,F
1643,Hassan Shah,user1643@example.com,2024-04-14,Bronze,M
1644,Fatima Hussain,user1644@example.com,2023-04-18,Platinum,M
1645,Fatima Qureshi,user1645@example.com,2022-11-13,Silver,F
1646,Zain Akram,user1646@example.com,2023-07-15,Bronze,F
1647,Hina Ali,user1647@example.com,2024-01-27,Gold,F
1648,Hina Hussain,user1648@example.com,2022-09-17,Bronze,F
1649,Omar Hussain,user1649@example.com,2022-09-11,Bronze,F
1650,Hassan Raza,user1650@example.com,2023-06-26,Bronze,M
1651,Hassan Ali,user1651@example.com,2022-09-23,Gold,M
1652,Hina Hussain,user1652@example.com,2022-07-29,Bronze,F
1653,Ali Raza,user1653@example.com,2024-02-08,Bronze,F
1654,Fatima Akram,user1654@example.com,2022-06-12,Bronze,F
1655,Fatima Ali,user1655@example.com,2023-03-03,Bronze,M
1656,Ali Raza,user1656@example.com,2022-11-26,Silver,M
1657,Aisha Akram,user1657@example.com,2022-05-23,Bronze,M
1658,Amir Qureshi,user1658@example.com,2023-04-26,Bronze,F
1659,Hassan Shah,user1659@example.com,2024-02-21,Silver,F
1660,Aisha Farooq,user1660@example.com,2024-06-18,Bronze,M
1661,Omar Raza,user1661@example.com,2023-05-18,Bronze,M
1662,Hassan Farooq,user1662@example.com,2024-11-16,Silver,M
1663,Aisha Ali,user1663@example.com,2022-01-19,Bronze,M
1664,Ahmed Qureshi,user1664@example.com,2024-12-07,Bronze,F
1665,Aisha Hussain,user1665@example.com,2024-02-15,Bronze,F
1666,Omar Ali,user1666@example.com,2024-06-16,Bronze,F
1667,Hassan Ali,user1667@example.com,2023-02-07,Silver,M
1668,Bilal Raza,user1668@example.com,2024-12-15,Silver,M
1669,Ahmed Khan,user1669@example.com,2024-03-03,Bronze,M
1670,Amir Khan,user1670@example.com,2023-02-24,Bronze,F
1671,Omar Farooq,user1671@example.com,2023-04-21,Bronze,F
1672,Zain Khan,user1672@example.com,2023-03-21,Silver,F
1673,Hina Raza,user1673@example.com,2024-03-21,Silver,F
1674,Ali Ali,user1674@example.com,2022-10-15,Silver,F
1675,Fatima Shah,user1675@example.com,2023-03-14,Silver,M
1676,Hassan Ali,user1676@example.com,2023-04-12,Silver,F
1677,Amir Ali,user1677@example.com,2023-12-11,Bronze,F
1678,Bilal Farooq,user1678@example.com,2024-11-29,Bronze,M
1679,Zain Raza,user1679@example.com,2023-06-17,Bronze,M
1680,Bilal Khan,user1680@example.com,2022-09-17,Silver,F
1681,Omar Hussain,user1681@example.com,2024-03-06,Gold,M
1682,Bilal Farooq,user1682@example.com,2023-04-26,Bronze,M
1683,Omar Ali,user1683@example.com,2024-04-24,Bronze,M
1684,Bilal Akram,user1684@example.com,2024-03-08,Bronze,F
1685,Amir Khan,user1685@example.com,2024-01-13,Bronze,M
1686,Ali Khan,user1686@example.com,2022-01-31,Bronze,M
1687,Ali Farooq,user1687@example.com,2023-03-21,Bronze,F
1688,Ahmed Khan,user1688@example.com,2024-01-08,Bronze,F
1689,Hassan Hussain,user1689@example.com,2022-03-17,Gold,M
1690,Omar Akram,user1690@example.com,2022-01-25,Bronze,M
1691,Sara Shah,user1691@example.com,2024-10-09,Bronze,M
1692,Hassan Shah,user1692@example.com,2022-11-16,Bronze,F
1693,Aisha Ali,user1693@example.com,2024-06-16,Silver,F
1694,Aisha Shah,user1694@example.com,2023-01-26,Gold,M
1695,Amir Khan,user1695@example.com,2022-09-28,Silver,M
1696,Hassan Ali,user1696@example.com,2022-08-22,Bronze,M
1697,Omar Hussain,user1697@example.com,2023-05-18,Bronze,M
1698,Hina Akram,user1698@example.com,2023-11-28,Bronze,F
1699,Amir Ali,user1699@example.com,2022-05-26,Platinum,M
1700,Ahmed Qureshi,user1700@example.com,2022-03-05,Bronze,F
1701,Aisha Khan,user1701@example.com,2024-09-01,Bronze,F
1702,Sara Shah,user1702@example.com,2024-10-24,Bronze,M
1703,Amir Hussain,user1703@example.com,2024-11-06,Bronze,F
1704,Zain Hussain,user1704@example.com,2023-02-04,Bronze,F
1705,Hassan Qureshi,user1705@example.com,2024-04-09,Bronze,M
1706,Fatima Hussain,user1706@example.com,2023-05-17,Bronze,F
1707,Zain Khan,user1707@example.com,2024-09-28,Bronze,F
1708,Fatima Raza,user1708@example.com,2022-05-07,Bronze,F
1709,Hina Qureshi,user1709@example.com,2023-05-18,Bronze,M
1710,Zara Qureshi,user1710@example.com,2024-11-27,Silver,M
1711,Fatima Khan,user1711@example.com,2023-07-15,Bronze,F
1712,Fatima Raza,user1712@example.com,2022-08-23,Silver,M
1713,Fatima Akram,user1713@example.com,2023-02-20,Bronze,M
1714,Ali Akram,user1714@example.com,2024-12-26,Gold,F
1715,Hina Khan,user1715@example.com,2023-04-13,Silver,F
1716,Bilal Qureshi,user1716@example.com,2024-06-20,Bronze,M
1717,Zain Farooq,user1717@example.com,2023-04-09,Bronze,F
1718,Zain Khan,user1718@example.com,2024-07-01,Bronze,M
1719,Bilal Shah,user1719@example.com,2024-08-27,Gold,M
1720,Sara Hussain,user1720@example.com,2024-06-21,Bronze,F
1721,Zain Hussain,user1721@example.com,2022-09-12,Gold,F
1722,Fatima Shah,user1722@example.com,2023-11-14,Bronze,F
1723,Hina Akram,user1723@example.com,2024-04-15,Gold,M
1724,Fatima Raza,user1724@example.com,2023-05-25,Bronze,M
1725,Amir Raza,user1725@example.com,2024-09-13,Bronze,M
1726,Aisha Hussain,user1726@example.com,2022-10-26,Gold,M
1727,Omar Raza,user1727@example.com,2022-10-24,Silver,F
1728,Hassan Raza,user1728@example.com,2024-09-21,Silver,M
1729,Sara Qureshi,user1729@example.com,2022-09-26,Silver,M
1730,Zain Qureshi,user1730@example.com,2024-03-07,Bronze,F
1731,Hassan Akram,user1731@example.com,2024-02-18,Bronze,M
1732,Ahmed Hussain,user1732@example.com,2024-05-04,Gold,M
1733,Ahmed Ali,user1733@example.com,2022-08-09,Platinum,M
1734,Fatima Qureshi,user1734@example.com,2024-03-26,Silver,M
1735,Zara Ali,user1735@example.com,2023-05-20,Silver,F
1736,Sara Hussain,user1736@example.com,2024-10-10,Bronze,M
1737,Zain Farooq,user1737@example.com,2023-05-07,Gold,M
1738,Aisha Qureshi,user1738@example.com,2022-05-28,Bronze,M
1739,Aisha Shah,user1739@example.com,2022-06-11,Silver,M
1740,Hina Farooq,user1740@example.com,2024-04-17,Bronze,F
1741,Aisha Ali,user1741@example.com,2023-04-18,Silver,M
1742,Ahmed Qureshi,user1742@example.com,2024-05-28,Silver,M
1743,Fatima Khan,user1743@example.com,2023-03-25,Bronze,M
1744,Aisha Akram,user1744@example.com,2022-03-03,Silver,M
1745,Ali Qureshi,user1745@example.com,2024-06-09,Bronze,M
1746,Omar Qureshi,user1746@example.com,2024-11-01,Silver,F
1747,Aisha Shah,user1747@example.com,2022-05-13,Bronze,F
1748,Fatima Akram,user1748@example.com,2023-05-31,Gold,M
1749,Hassan Qureshi,user1749@example.com,2023-08-01,Bronze,M
1750,Ali Akram,user1750@example.com,2024-02-01,Bronze,M
1751,Ali Ali,user1751@example.com,2022-11-15,Silver,M
1752,Ahmed Akram,user1752@example.com,2024-04-26,Bronze,F
1753,Omar Farooq,user1753@example.com,2023-06-13,Silver,F
1754,Omar Qureshi,user1754@example.com,2022-04-07,Bronze,F
1755,Sara Shah,user1755@example.com,2022-07-27,Bronze,F
1756,Amir Hussain,user1756@example.com,2022-12-10,Gold,M
1757,Bilal Shah,user1757@example.com,2024-08-16,Bronze,F
1758,Amir Akram,user1758@example.com,2024-01-17,Silver,F
1759,Aisha Khan,user1759@example.com,2024-10-14,Bronze,F
1760,Ahmed Shah,user1760@example.com,2024-10-14,Bronze,F
1761,Ali Shah,user1761@example.com,2022-10-05,Bronze,F
1762,Omar Akram,user1762@example.com,2023-02-07,Bronze,M
1763,Ahmed Farooq,user1763@example.com,2023-08-20,Bronze,F
1764,Omar Farooq,user1764@example.com,2024-09-18,Bronze,M
1765,Omar Raza,user1765@example.com,2023-01-28,Bronze,F
1766,Hassan Akram,user1766@example.com,2024-10-20,Bronze,M
1767,Omar Raza,user1767@example.com,2022-05-18,Gold,M
1768,Aisha Ali,user1768@example.com,2023-10-08,Bronze,F
1769,Zain Farooq,user1769@example.com,2024-04-10,Bronze,M
1770,Ahmed Raza,user1770@example.com,2022-05-12,Bronze,F
1771,Hina Hussain,user1771@example.com,2023-11-23,Bronze,F
1772,Zain Hussain,user1772@example.com,2024-02-23,Bronze,M
1773,Omar Farooq,user1773@example.com,2024-05-30,Bronze,M
1774,Fatima Shah,user1774@example.com,2023-11-26,Silver,M
1775,Zara Khan,user1775@example.com,2023-08-03,Silver,M
1776,Aisha Farooq,user1776@example.com,2024-06-10,Gold,F
1777,Ali Hussain,user1777@example.com,2023-05-06,Bronze,M
1778,Fatima Qureshi,user1778@example.com,2022-09-06,Bronze,M
1779,Amir Qureshi,user1779@example.com,2023-09-24,Bronze,F
1780,Amir Akram,user1780@example.com,2022-01-10,Bronze,M
1781,Ahmed Raza,user1781@example.com,2024-01-23,Bronze,F
1782,Hina Qureshi,user1782@example.com,2023-04-25,Bronze,M
1783,Ahmed Raza,user1783@example.com,2022-07-21,Silver,M
1784,Ali Farooq,user1784@example.com,2022-08-05,Bronze,M
1785,Sara Farooq,user1785@example.com,2023-02-17,Bronze,M
1786,Sara Ali,user1786@example.com,2023-12-24,Bronze,M
1787,Amir Raza,user1787@example.com,2023-07-24,Silver,M
1788,Aisha Farooq,user1788@example.com,2024-01-09,Bronze,F
1789,Zain Hussain,user1789@example.com,2023-01-25,Bronze,M
1790,Fatima Khan,user1790@example.com,2024-02-04,Bronze,M
1791,Hassan Hussain,user1791@example.com,2024-10-18,Silver,F
1792,Ahmed Hussain,user1792@example.com,2023-08-16,Bronze,F
1793,Ahmed Raza,user1793@example.com,2023-07-20,Silver,M
1794,Hassan Raza,user1794@example.com,2024-03-13,Silver,F
1795,Bilal Shah,user1795@example.com,2024-06-08,Silver,M
1796,Amir Qureshi,user1796@example.com,2022-09-30,Platinum,F
1797,Hassan Qureshi,user1797@example.com,2023-09-30,Bronze,F
1798,Bilal Hussain,user1798@example.com,2023-03-23,Bronze,F
1799,Hassan Qureshi,user1799@example.com,2024-11-18,Bronze,M
1800,Amir Hussain,user1800@example.com,2022-04-05,Bronze,F
1801,Ahmed Raza,user1801@example.com,2024-09-10,Platinum,F
1802,Fatima Shah,user1802@example.com,2023-09-18,Silver,M
1803,Amir Ali,user1803@example.com,2022-09-12,Bronze,M
1804,Sara Akram,user1804@example.com,2024-12-28,Bronze,F
1805,Amir Hussain,user1805@example.com,2023-11-11,Silver,M
1806,Fatima Ali,user1806@example.com,2022-05-17,Bronze,M
1807,Hassan Akram,user1807@example.com,2023-10-24,Bronze,M
1808,Aisha Hussain,user1808@example.com,2022-12-09,Bronze,M
1809,Amir Ali,user1809@example.com,2022-11-19,Bronze,M
1810,Fatima Khan,user1810@example.com,2023-04-20,Bronze,M
1811,Sara Farooq,user1811@example.com,2023-01-17,Bronze,M
1812,Hassan Shah,user1812@example.com,2022-12-05,Silver,F
1813,Hassan Akram,user1813@example.com,2022-02-09,Bronze,F
1814,Zain Raza,user1814@example.com,2022-06-19,Silver,M
1815,Hina Qureshi,user1815@example.com,2023-04-04,Bronze,F
1816,Amir Hussain,user1816@example.com,2024-03-26,Bronze,M
1817,Fatima Ali,user1817@example.com,2023-01-08,Gold,M
1818,Zain Akram,user1818@example.com,2023-08-07,Bronze,F
1819,Zara Akram,user1819@example.com,2022-09-13,Silver,F
1820,Aisha Hussain,user1820@example.com,2023-07-07,Bronze,M
1821,Omar Khan,user1821@example.com,2024-11-13,Bronze,M
1822,Zain Raza,user1822@example.com,2022-08-01,Silver,F
1823,Omar Akram,user1823@example.com,2024-04-28,Silver,M
1824,Ali Raza,user1824@example.com,2022-11-04,Silver,F
1825,Ahmed Hussain,user1825@example.com,2022-06-07,Bronze,M
1826,Hina Hussain,user1826@example.com,2023-02-27,Bronze,M
1827,Hina Hussain,user1827@example.com,2023-10-14,Silver,F
1828,Zain Akram,user1828@example.com,2022-06-28,Platinum,F
1829,Hina Hussain,user1829@example.com,2024-01-10,Bronze,M
1830,Sara Shah,user1830@example.com,2024-10-15,Bronze,F
1831,Hassan Raza,user1831@example.com,2023-03-14,Gold,F
1832,Amir Shah,user1832@example.com,2024-01-13,Silver,F
1833,Hassan Raza,user1833@example.com,2023-06-14,Bronze,M
1834,Ali Akram,user1834@example.com,2024-01-25,Platinum,F
1835,Zara Akram,user1835@example.com,2023-08-25,Bronze,F
1836,Zara Qureshi,user1836@example.com,2024-07-25,Bronze,F
1837,Bilal Qureshi,user1837@example.com,2022-01-26,Bronze,M
1838,Sara Qureshi,user1838@example.com,2024-12-10,Silver,M
1839,Ali Raza,user1839@example.com,2022-01-11,Bronze,M
1840,Hina Akram,user1840@example.com,2024-10-01,Bronze,M
1841,Zara Akram,user1841@example.com,2022-07-26,Bronze,M
1842,Omar Akram,user1842@example.com,2024-03-03,Bronze,F
1843,Ali Shah,user1843@example.com,2022-06-25,Bronze,F
1844,Fatima Farooq,user1844@example.com,2024-05-05,Silver,F
1845,Omar Qureshi,user1845@example.com,2024-12-15,Silver,M
1846,Hina Khan,user1846@example.com,2023-10-18,Bronze,F
1847,Hina Khan,user1847@example.com,2023-05-18,Silver,F
1848,Hassan Farooq,user1848@example.com,2022-06-04,Silver,F
1849,Fatima Khan,user1849@example.com,2022-10-27,Bronze,M
1850,Hina Hussain,user1850@example.com,2023-12-31,Bronze,F
1851,Fatima Farooq,user1851@example.com,2023-06-25,Bronze,M
1852,Omar Qureshi,user1852@example.com,2024-11-04,Bronze,M
1853,Hassan Farooq,user1853@example.com,2023-12-13,Bronze,M
1854,Bilal Akram,user1854@example.com,2023-01-07,Silver,F
1855,Hassan Raza,user1855@example.com,2023-01-17,Bronze,F
1856,Sara Qureshi,user1856@example.com,2023-11-04,Bronze,M
1857,Bilal Hussain,user1857@example.com,2024-08-07,Gold,F
1858,Zara Hussain,user1858@example.com,2024-07-13,Bronze,M
1859,Hina Raza,user1859@example.com,2022-12-07,Gold,M
1860,Fatima Ali,user1860@example.com,2024-11-28,Bronze,M
1861,Omar Raza,user1861@example.com,2024-04-29,Bronze,M
1862,Aisha Akram,user1862@example.com,2023-07-28,Silver,F
1863,Fatima Ali,user1863@example.com,2024-10-28,Bronze,F
1864,Hassan Qureshi,user1864@example.com,2024-11-14,Gold,M
1865,Ali Hussain,user1865@example.com,2023-03-01,Bronze,M
1866,Bilal Raza,user1866@example.com,2023-02-02,Gold,M
1867,Bilal Khan,user1867@example.com,2024-07-04,Silver,F
1868,Zara Qureshi,user1868@example.com,2024-10-27,Bronze,F
1869,Fatima Akram,user1869@example.com,2022-12-29,Silver,M
1870,Amir Akram,user1870@example.com,2022-08-22,Bronze,F
1871,Omar Raza,user1871@example.com,2022-02-21,Gold,F
1872,Hina Akram,user1872@example.com,2024-05-24,Bronze,M
1873,Sara Raza,user1873@example.com,2023-10-07,Bronze,M
1874,Omar Shah,user1874@example.com,2024-09-16,Bronze,M
1875,Aisha Ali,user1875@example.com,2022-05-29,Bronze,M
1876,Bilal Raza,user1876@example.com,2022-07-31,Bronze,M
1877,Aisha Khan,user1877@example.com,2023-09-04,Bronze,M
1878,Fatima Farooq,user1878@example.com,2024-03-12,Silver,M
1879,Aisha Hussain,user1879@example.com,2023-09-06,Bronze,F
1880,Zara Raza,user1880@example.com,2022-11-27,Bronze,M
1881,Zain Khan,user1881@example.com,2023-01-22,Bronze,M
1882,Amir Farooq,user1882@example.com,2024-11-19,Bronze,M
1883,Zain Farooq,user1883@example.com,2022-04-15,Bronze,M
1884,Omar Farooq,user1884@example.com,2023-08-22,Gold,F
1885,Amir Hussain,user1885@example.com,2023-04-07,Platinum,F
1886,Zara Raza,user1886@example.com,2022-09-28,Silver,M
1887,Bilal Hussain,user1887@example.com,2022-08-08,Bronze,F
1888,Sara Akram,user1888@example.com,2023-06-30,Silver,M
1889,Amir Farooq,user1889@example.com,2024-08-25,Silver,F
1890,Zain Raza,user1890@example.com,2023-02-21,Bronze,F
1891,Aisha Hussain,user1891@example.com,2023-12-08,Gold,M
1892,Zara Farooq,user1892@example.com,2022-03-31,Silver,M
1893,Hassan Akram,user1893@example.com,2024-11-02,Bronze,M
1894,Hina Raza,user1894@example.com,2024-10-21,Silver,M
1895,Zara Akram,user1895@example.com,2024-12-03,Bronze,M
1896,Sara Qureshi,user1896@example.com,2023-04-19,Bronze,F
1897,Aisha Hussain,user1897@example.com,2022-10-02,Bronze,M
1898,Hina Shah,user1898@example.com,2023-06-06,Bronze,M
1899,Fatima Farooq,user1899@example.com,2022-07-29,Silver,F
1900,Amir Farooq,user1900@example.com,2022-11-18,Bronze,M
1901,Amir Hussain,user1901@example.com,2023-10-30,Bronze,F
1902,Zara Hussain,user1902@example.com,2024-08-01,Silver,M
1903,Bilal Hussain,user1903@example.com,2024-09-08,Bronze,F
1904,Ali Akram,user1904@example.com,2022-10-23,Silver,M
1905,Bilal Ali,user1905@example.com,2023-03-31,Bronze,M
1906,Aisha Khan,user1906@example.com,2022-08-21,Silver,M
1907,Omar Khan,user1907@example.com,2022-04-18,Bronze,F
1908,Zain Shah,user1908@example.com,2024-05-24,Silver,F
1909,Bilal Ali,user1909@example.com,2023-07-14,Bronze,F
1910,Hina Farooq,user1910@example.com,2022-02-13,Silver,F
1911,Omar Akram,user1911@example.com,2024-04-28,Silver,F
1912,Bilal Khan,user1912@example.com,2022-10-13,Gold,F
1913,Omar Khan,user1913@example.com,2024-10-14,Bronze,M
1914,Hina Ali,user1914@example.com,2023-03-24,Platinum,M
1915,Bilal Ali,user1915@example.com,2024-06-07,Bronze,M
1916,Bilal Hussain,user1916@example.com,2023-06-19,Bronze,M
1917,Aisha Akram,user1917@example.com,2024-04-11,Silver,F
1918,Hassan Hussain,user1918@example.com,2024-01-31,Bronze,F
1919,Hassan Qureshi,user1919@example.com,2023-05-17,Silver,F
1920,Zain Ali,user1920@example.com,2023-09-24,Silver,M
1921,Fatima Farooq,user1921@example.com,2022-08-10,Silver,M
1922,Omar Akram,user1922@example.com,2024-07-10,Bronze,M
1923,Hassan Raza,user1923@example.com,2023-07-12,Bronze,F
1924,Fatima Hussain,user1924@example.com,2023-07-20,Bronze,M
1925,Zain Raza,user1925@example.com,2024-05-07,Bronze,M
1926,Bilal Farooq,user1926@example.com,2024-05-23,Silver,M
1927,Hassan Raza,user1927@example.com,2023-06-25,Bronze,M
1928,Hassan Ali,user1928@example.com,2023-02-23,Bronze,M
1929,Amir Raza,user1929@example.com,2022-06-09,Bronze,F
1930,Sara Akram,user1930@example.com,2023-09-24,Bronze,M
1931,Ali Ali,user1931@example.com,2023-12-24,Bronze,M
1932,Fatima Ali,user1932@example.com,2023-01-09,Silver,F
1933,Zain Shah,user1933@example.com,2022-05-13,Bronze,M
1934,Fatima Qureshi,user1934@example.com,2023-08-06,Silver,M
1935,Ali Khan,user1935@example.com,2024-10-09,Silver,M
1936,Aisha Farooq,user1936@example.com,2023-06-20,Platinum,M
1937,Hina Farooq,user1937@example.com,2024-12-13,Bronze,M
1938,Zain Qureshi,user1938@example.com,2024-06-14,Bronze,F
1939,Zain Shah,user1939@example.com,2022-12-31,Bronze,M
1940,Hassan Qureshi,user1940@example.com,2022-09-02,Bronze,F
1941,Ahmed Akram,user1941@example.com,2023-04-23,Bronze,M
1942,Sara Ali,user1942@example.com,2023-06-15,Bronze,F
1943,Hassan Ali,user1943@example.com,2024-11-26,Bronze,M
1944,Ali Khan,user1944@example.com,2022-03-29,Bronze,M
1945,Fatima Raza,user1945@example.com,2024-01-15,Bronze,M
1946,Amir Qureshi,user1946@example.com,2024-12-05,Silver,M
1947,Hassan Farooq,user1947@example.com,2024-04-19,Bronze,F
1948,Fatima Ali,user1948@example.com,2023-05-26,Bronze,F
1949,Hassan Farooq,user1949@example.com,2023-07-25,Bronze,F
1950,Ali Raza,user1950@example.com,2022-12-28,Gold,F
1951,Bilal Ali,user1951@example.com,2023-01-11,Silver,F
1952,Sara Qureshi,user1952@example.com,2022-11-16,Bronze,F
1953,Hina Qureshi,user1953@example.com,2022-08-19,Bronze,M
1954,Hina Shah,user1954@example.com,2023-11-04,Bronze,F
1955,Omar Ali,user1955@example.com,2023-01-06,Bronze,F
1956,Hina Akram,user1956@example.com,2023-07-07,Bronze,M
1957,Fatima Qureshi,user1957@example.com,2023-03-16,Gold,M
1958,Hina Shah,user1958@example.com,2022-04-05,Bronze,F
1959,Bilal Khan,user1959@example.com,2022-01-13,Bronze,M
1960,Zara Raza,user1960@example.com,2022-01-25,Silver,M
1961,Ali Ali,user1961@example.com,2023-10-16,Bronze,M
1962,Bilal Hussain,user1962@example.com,2023-07-29,Bronze,M
1963,Sara Qureshi,user1963@example.com,2024-02-15,Gold,M
1964,Ahmed Akram,user1964@example.com,2023-04-08,Platinum,M
1965,Zain Farooq,user1965@example.com,2024-11-29,Bronze,M
1966,Hassan Farooq,user1966@example.com,2023-05-21,Bronze,M
1967,Fatima Qureshi,user1967@example.com,2024-05-15,Bronze,M
1968,Sara Ali,user1968@example.com,2023-08-21,Gold,F
1969,Fatima Shah,user1969@example.com,2024-02-03,Bronze,F
1970,Zara Ali,user1970@example.com,2023-08-24,Silver,F
1971,Fatima Qureshi,user1971@example.com,2022-05-30,Bronze,M
1972,Ali Shah,user1972@example.com,2023-06-16,Bronze,F
1973,Bilal Shah,user1973@example.com,2022-06-22,Silver,F
1974,Amir Hussain,user1974@example.com,2024-11-01,Silver,M
1975,Bilal Qureshi,user1975@example.com,2024-03-28,Bronze,M
1976,Aisha Qureshi,user1976@example.com,2024-05-04,Silver,M
1977,Hassan Raza,user1977@example.com,2023-09-13,Platinum,M
1978,Amir Qureshi,user1978@example.com,2023-04-05,Silver,M
1979,Ahmed Shah,user1979@example.com,2024-11-06,Bronze,M
1980,Omar Hussain,user1980@example.com,2024-12-28,Bronze,M
1981,Ali Khan,user1981@example.com,2024-09-19,Gold,M
1982,Zain Hussain,user1982@example.com,2024-05-14,Bronze,M
1983,Amir Hussain,user1983@example.com,2024-12-27,Bronze,M
1984,Omar Ali,user1984@example.com,2022-07-15,Silver,M
1985,Fatima Ali,user1985@example.com,2024-08-05,Silver,M
1986,Omar Raza,user1986@example.com,2024-01-19,Bronze,F
1987,Zain Raza,user1987@example.com,2023-01-31,Bronze,M
1988,Hina Raza,user1988@example.com,2024-02-29,Bronze,M
1989,Omar Hussain,user1989@example.com,2024-11-15,Bronze,M
1990,Amir Ali,user1990@example.com,2022-09-21,Silver,M
1991,Ahmed Shah,user1991@example.com,2023-04-07,Platinum,M
1992,Hassan Ali,user1992@example.com,2024-05-19,Silver,M
1993,Aisha Farooq,user1993@example.com,2024-12-12,Silver,F
1994,Hina Farooq,user1994@example.com,2023-12-07,Bronze,F
1995,Zara Khan,user1995@example.com,2023-03-23,Gold,F
1996,Hassan Hussain,user1996@example.com,2023-10-26,Silver,F
1997,Fatima Farooq,user1997@example.com,2024-05-04,Silver,F
1998,Aisha Khan,user1998@example.com,2024-04-05,Silver,F
1999,Zain Raza,user1999@example.com,2023-03-20,Bronze,F
2000,Bilal Ali,user2000@example.com,2024-04-01,Silver,F
2001,Hassan Khan,user2001@example.com,2024-12-16,Bronze,F
2002,Sara Ali,user2002@example.com,2022-04-30,Bronze,M
2003,Fatima Ali,user2003@example.com,2023-05-29,Gold,F
2004,Zain Raza,user2004@example.com,2023-09-13,Bronze,F
2005,Bilal Farooq,user2005@example.com,2024-07-31,Bronze,M
2006,Hina Shah,user2006@example.com,2022-10-27,Platinum,F
2007,Bilal Farooq,user2007@example.com,2022-09-10,Bronze,F
2008,Ali Shah,user2008@example.com,2022-07-24,Silver,F
2009,Amir Qureshi,user2009@example.com,2023-12-22,Bronze,F
2010,Fatima Shah,user2010@example.com,2022-11-04,Bronze,F
2011,Zara Ali,user2011@example.com,2024-11-16,Silver,M
2012,Amir Ali,user2012@example.com,2023-08-04,Bronze,M
2013,Zain Hussain,user2013@example.com,2023-08-30,Bronze,M
2014,Ahmed Ali,user2014@example.com,2024-09-25,Bronze,M
2015,Amir Akram,user2015@example.com,2024-12-27,Bronze,M
2016,Amir Farooq,user2016@example.com,2022-09-18,Bronze,M
2017,Ahmed Khan,user2017@example.com,2023-02-06,Gold,M
2018,Ali Akram,user2018@example.com,2024-05-16,Silver,F
2019,Zara Qureshi,user2019@example.com,2022-03-06,Bronze,M
2020,Hassan Qureshi,user2020@example.com,2023-06-24,Silver,F
2021,Sara Hussain,user2021@example.com,2024-06-29,Silver,F
2022,Aisha Khan,user2022@example.com,2024-05-22,Bronze,F
2023,Ahmed Khan,user2023@example.com,2022-04-30,Silver,M
2024,Ali Khan,user2024@example.com,2023-05-27,Gold,M
2025,Sara Ali,user2025@example.com,2022-05-14,Bronze,F
2026,Sara Qureshi,user2026@example.com,2023-11-17,Bronze,F
2027,Fatima Akram,user2027@example.com,2023-12-19,Gold,M
2028,Ahmed Hussain,user2028@example.com,2024-02-26,Bronze,M
2029,Amir Khan,user2029@example.com,2023-02-01,Bronze,F
2030,Zara Qureshi,user2030@example.com,2024-09-24,Bronze,F
2031,Hina Shah,user2031@example.com,2023-09-13,Silver,M
2032,Sara Khan,user2032@example.com,2023-12-18,Bronze,F
2033,Aisha Hussain,user2033@example.com,2024-02-19,Bronze,M
2034,Zara Khan,user2034@example.com,2023-02-13,Bronze,M
2035,Bilal Farooq,user2035@example.com,2023-12-08,Silver,M
2036,Zain Akram,user2036@example.com,2024-06-25,Bronze,M
2037,Bilal Qureshi,user2037@example.com,2024-05-31,Silver,F
2038,Zain Akram,user2038@example.com,2023-02-09,Bronze,M
2039,Hassan Raza,user2039@example.com,2024-09-11,Silver,M
2040,Fatima Farooq,user2040@example.com,2022-04-21,Bronze,F
2041,Aisha Ali,user2041@example.com,2022-12-26,Bronze,M
2042,Zara Hussain,user2042@example.com,2024-02-17,Silver,F
2043,Aisha Hussain,user2043@example.com,2022-11-21,Bronze,M
2044,Amir Qureshi,user2044@example.com,2022-03-10,Silver,M
2045,Hassan Qureshi,user2045@example.com,2022-05-12,Bronze,M
2046,Sara Shah,user2046@example.com,2023-04-29,Gold,F
2047,Omar Qureshi,user2047@example.com,2024-10-30,Silver,F
2048,Sara Akram,user2048@example.com,2023-07-22,Bronze,M
2049,Ahmed Khan,user2049@example.com,2024-04-26,Silver,F
2050,Zain Shah,user2050@example.com,2022-03-08,Gold,M
2051,Sara Khan,user2051@example.com,2022-05-29,Silver,M
2052,Hassan Shah,user2052@example.com,2022-04-06,Silver,M
2053,Zain Khan,user2053@example.com,2022-09-20,Bronze,M
2054,Zain Qureshi,user2054@example.com,2023-01-30,Bronze,F
2055,Hina Raza,user2055@example.com,2022-08-23,Silver,M
2056,Zara Raza,user2056@example.com,2023-06-23,Bronze,F
2057,Ahmed Raza,user2057@example.com,2023-08-16,Platinum,F
2058,Ahmed Shah,user2058@example.com,2022-07-26,Silver,F
2059,Zara Hussain,user2059@example.com,2022-07-04,Bronze,F
2060,Bilal Raza,user2060@example.com,2024-12-29,Bronze,M
2061,Sara Qureshi,user2061@example.com,2023-03-19,Silver,F
2062,Amir Qureshi,user2062@example.com,2022-06-20,Silver,F
2063,Omar Raza,user2063@example.com,2022-09-03,Gold,M
2064,Amir Qureshi,user2064@example.com,2023-03-18,Bronze,F
2065,Zain Qureshi,user2065@example.com,2024-02-01,Silver,M
2066,Aisha Khan,user2066@example.com,2024-03-16,Silver,M
2067,Bilal Hussain,user2067@example.com,2023-03-10,Bronze,F
2068,Amir Qureshi,user2068@example.com,2022-06-17,Gold,M
2069,Bilal Qureshi,user2069@example.com,2022-10-09,Bronze,F
2070,Zara Ali,user2070@example.com,2024-01-19,Bronze,M
2071,Zara Khan,user2071@example.com,2023-05-18,Silver,F
2072,Fatima Akram,user2072@example.com,2022-03-08,Silver,M
2073,Hassan Raza,user2073@example.com,2023-09-05,Silver,M
2074,Hina Shah,user2074@example.com,2022-12-25,Bronze,M
2075,Ali Akram,user2075@example.com,2023-10-25,Bronze,F
2076,Zara Hussain,user2076@example.com,2023-12-04,Bronze,M
2077,Zain Shah,user2077@example.com,2022-11-06,Silver,F
2078,Amir Farooq,user2078@example.com,2022-09-26,Bronze,M
2079,Zain Shah,user2079@example.com,2024-03-23,Bronze,M
2080,Ahmed Farooq,user2080@example.com,2022-09-26,Gold,F
2081,Zara Raza,user2081@example.com,2024-10-04,Bronze,F
2082,Ahmed Akram,user2082@example.com,2024-09-25,Bronze,F
2083,Zain Khan,user2083@example.com,2023-01-03,Bronze,F
2084,Bilal Shah,user2084@example.com,2024-03-26,Bronze,M
2085,Fatima Shah,user2085@example.com,2022-01-13,Bronze,F
2086,Amir Ali,user2086@example.com,2022-06-30,Bronze,F
2087,Hina Qureshi,user2087@example.com,2022-01-16,Bronze,F
2088,Bilal Ali,user2088@example.com,2022-01-31,Gold,F
2089,Ahmed Ali,user2089@example.com,2023-07-02,Silver,M
2090,Sara Khan,user2090@example.com,2023-06-05,Silver,F
2091,Hassan Raza,user2091@example.com,2022-01-16,Bronze,F
2092,Ali Farooq,user2092@example.com,2024-08-13,Gold,F
2093,Fatima Hussain,user2093@example.com,2024-12-24,Bronze,M
2094,Aisha Qureshi,user2094@example.com,2023-04-21,Silver,F
2095,Aisha Shah,user2095@example.com,2022-01-16,Bronze,F
2096,Sara Qureshi,user2096@example.com,2023-08-04,Bronze,F
2097,Hassan Khan,user2097@example.com,2024-03-17,Bronze,M
2098,Zain Raza,user2098@example.com,2024-09-23,Bronze,F
2099,Bilal Khan,user2099@example.com,2022-06-14,Platinum,M
2100,Ahmed Khan,user2100@example.com,2023-09-06,Bronze,M
2101,Zara Raza,user2101@example.com,2024-12-07,Bronze,F
2102,Ali Raza,user2102@example.com,2023-06-06,Silver,M
2103,Zain Shah,user2103@example.com,2023-09-20,Bronze,F
2104,Fatima Qureshi,user2104@example.com,2022-04-01,Bronze,M
2105,Bilal Akram,user2105@example.com,2022-06-05,Bronze,M
2106,Ahmed Farooq,user2106@example.com,2024-12-17,Gold,M
2107,Aisha Hussain,user2107@example.com,2024-08-01,Bronze,F
2108,Omar Farooq,user2108@example.com,2022-10-31,Bronze,M
2109,Fatima Farooq,user2109@example.com,2022-07-07,Bronze,M
2110,Zain Ali,user2110@example.com,2024-04-23,Platinum,M
2111,Aisha Hussain,user2111@example.com,2024-08-03,Silver,F
2112,Ali Ali,user2112@example.com,2022-05-13,Silver,F
2113,Sara Qureshi,user2113@example.com,2024-10-05,Silver,M
2114,Zara Akram,user2114@example.com,2024-03-11,Bronze,F
2115,Ali Hussain,user2115@example.com,2022-04-24,Gold,M
2116,Ali Farooq,user2116@example.com,2023-11-15,Bronze,M
2117,Ahmed Farooq,user2117@example.com,2024-10-30,Bronze,F
2118,Zain Hussain,user2118@example.com,2024-03-19,Bronze,M
2119,Amir Shah,user2119@example.com,2022-01-27,Bronze,M
2120,Hina Raza,user2120@example.com,2022-03-15,Bronze,M
2121,Ahmed Khan,user2121@example.com,2024-05-19,Bronze,M
2122,Amir Raza,user2122@example.com,2024-04-09,Bronze,M
2123,Bilal Khan,user2123@example.com,2022-07-15,Silver,M
2124,Ahmed Farooq,user2124@example.com,2024-12-20,Bronze,F
2125,Sara Hussain,user2125@example.com,2023-07-18,Bronze,F
2126,Ali Raza,user2126@example.com,2022-12-10,Bronze,M
2127,Zara Khan,user2127@example.com,2024-04-28,Silver,M
2128,Amir Khan,user2128@example.com,2024-03-02,Bronze,M
2129,Aisha Qureshi,user2129@example.com,2023-06-09,Bronze,F
2130,Aisha Shah,user2130@example.com,2024-09-08,Bronze,F
2131,Hina Hussain,user2131@example.com,2022-03-05,Silver,M
2132,Zara Raza,user2132@example.com,2023-04-03,Bronze,F
2133,Amir Hussain,user2133@example.com,2022-06-27,Silver,M
2134,Hina Ali,user2134@example.com,2024-08-19,Bronze,M
2135,Hassan Farooq,user2135@example.com,2022-02-04,Bronze,F
2136,Hassan Raza,user2136@example.com,2024-03-01,Bronze,F
2137,Amir Farooq,user2137@example.com,2022-04-27,Gold,M
2138,Hassan Akram,user2138@example.com,2022-10-22,Silver,F
2139,Hassan Khan,user2139@example.com,2024-04-21,Gold,M
2140,Hina Shah,user2140@example.com,2023-05-12,Silver,M
2141,Zara Khan,user2141@example.com,2023-08-28,Bronze,M
2142,Aisha Raza,user2142@example.com,2023-05-22,Bronze,M
2143,Hina Ali,user2143@example.com,2023-09-12,Bronze,M
2144,Ahmed Farooq,user2144@example.com,2022-12-03,Bronze,F
2145,Bilal Raza,user2145@example.com,2024-10-23,Bronze,M
2146,Aisha Khan,user2146@example.com,2022-08-29,Bronze,F
2147,Ahmed Shah,user2147@example.com,2023-12-26,Bronze,F
2148,Sara Akram,user2148@example.com,2024-01-17,Bronze,M
2149,Fatima Raza,user2149@example.com,2023-09-20,Silver,F
2150,Zain Qureshi,user2150@example.com,2022-02-15,Gold,F
2151,Hina Raza,user2151@example.com,2023-10-11,Silver,M
2152,Amir Raza,user2152@example.com,2022-06-27,Bronze,M
2153,Sara Farooq,user2153@example.com,2023-01-30,Silver,M
2154,Amir Ali,user2154@example.com,2024-02-12,Bronze,M
2155,Bilal Qureshi,user2155@example.com,2024-09-26,Bronze,M
2156,Bilal Akram,user2156@example.com,2022-01-03,Silver,M
2157,Hassan Shah,user2157@example.com,2022-10-02,Silver,F
2158,Hassan Khan,user2158@example.com,2022-09-12,Bronze,F
2159,Zain Akram,user2159@example.com,2022-08-05,Silver,F
2160,Zain Shah,user2160@example.com,2023-05-26,Silver,F
2161,Bilal Raza,user2161@example.com,2024-06-18,Bronze,F
2162,Aisha Akram,user2162@example.com,2023-04-03,Bronze,M
2163,Omar Khan,user2163@example.com,2024-08-06,Gold,M
2164,Bilal Farooq,user2164@example.com,2023-02-03,Gold,M
2165,Fatima Qureshi,user2165@example.com,2022-05-14,Silver,M
2166,Hina Ali,user2166@example.com,2023-09-17,Bronze,M
2167,Zara Qureshi,user2167@example.com,2022-11-23,Bronze,M
2168,Fatima Akram,user2168@example.com,2024-05-17,Bronze,M
2169,Amir Akram,user2169@example.com,2022-12-14,Bronze,F
2170,Hassan Hussain,user2170@example.com,2024-08-25,Bronze,M
2171,Omar Akram,user2171@example.com,2022-10-28,Bronze,M
2172,Omar Shah,user2172@example.com,2022-06-15,Gold,F
2173,Hassan Farooq,user2173@example.com,2023-04-28,Gold,F
2174,Hina Akram,user2174@example.com,2023-09-18,Silver,F
2175,Amir Hussain,user2175@example.com,2024-10-11,Bronze,F
2176,Ahmed Hussain,user2176@example.com,2024-12-16,Bronze,F
2177,Hina Qureshi,user2177@example.com,2023-10-02,Platinum,F
2178,Bilal Khan,user2178@example.com,2022-03-31,Bronze,M
2179,Amir Raza,user2179@example.com,2024-06-12,Bronze,F
2180,Sara Hussain,user2180@example.com,2024-11-05,Bronze,M
2181,Fatima Akram,user2181@example.com,2023-06-01,Platinum,M
2182,Ali Qureshi,user2182@example.com,2022-03-27,Bronze,F
2183,Amir Shah,user2183@example.com,2023-05-16,Silver,F
2184,Hassan Khan,user2184@example.com,2023-11-28,Bronze,F
2185,Zain Ali,user2185@example.com,2023-10-14,Bronze,F
2186,Zain Raza,user2186@example.com,2024-06-28,Bronze,M
2187,Fatima Shah,user2187@example.com,2024-05-18,Bronze,F
2188,Zain Akram,user2188@example.com,2023-04-19,Silver,M
2189,Hassan Qureshi,user2189@example.com,2023-02-01,Bronze,M
2190,Ahmed Khan,user2190@example.com,2024-07-22,Bronze,F
2191,Fatima Khan,user2191@example.com,2024-01-02,Bronze,F
2192,Ahmed Shah,user2192@example.com,2023-04-10,Silver,F
2193,Zain Raza,user2193@example.com,2023-11-22,Silver,F
2194,Sara Farooq,user2194@example.com,2022-03-04,Bronze,M
2195,Bilal Shah,user2195@example.com,2024-02-25,Silver,F
2196,Sara Qureshi,user2196@example.com,2024-01-03,Silver,F
2197,Sara Khan,user2197@example.com,2023-04-07,Bronze,F
2198,Omar Qureshi,user2198@example.com,2024-09-24,Platinum,F
2199,Sara Qureshi,user2199@example.com,2024-04-09,Bronze,M
2200,Ali Qureshi,user2200@example.com,2023-11-09,Silver,M
2201,Amir Ali,user2201@example.com,2022-03-19,Bronze,M
2202,Zara Farooq,user2202@example.com,2023-01-05,Bronze,M
2203,Ali Qureshi,user2203@example.com,2024-05-14,Silver,M
2204,Aisha Qureshi,user2204@example.com,2022-12-20,Platinum,F
2205,Sara Akram,user2205@example.com,2022-06-10,Platinum,F
2206,Bilal Farooq,user2206@example.com,2023-04-08,Silver,F
2207,Fatima Qureshi,user2207@example.com,2023-07-11,Silver,M
2208,Hina Qureshi,user2208@example.com,2022-09-26,Bronze,M
2209,Hassan Akram,user2209@example.com,2023-11-25,Gold,M
2210,Omar Farooq,user2210@example.com,2024-12-06,Bronze,F
2211,Hina Akram,user2211@example.com,2022-07-21,Silver,F
2212,Sara Hussain,user2212@example.com,2023-05-08,Silver,F
2213,Amir Ali,user2213@example.com,2024-03-02,Bronze,F
2214,Ahmed Farooq,user2214@example.com,2024-08-19,Silver,M
2215,Zara Ali,user2215@example.com,2024-07-27,Silver,F
2216,Omar Raza,user2216@example.com,2022-07-18,Bronze,M
2217,Hassan Shah,user2217@example.com,2024-03-09,Silver,M
2218,Hina Akram,user2218@example.com,2022-12-14,Bronze,F
2219,Zain Qureshi,user2219@example.com,2023-11-06,Bronze,M
2220,Fatima Khan,user2220@example.com,2023-02-23,Bronze,M
2221,Zain Akram,user2221@example.com,2024-02-24,Gold,F
2222,Ahmed Khan,user2222@example.com,2024-05-21,Silver,F
2223,Ahmed Raza,user2223@example.com,2024-10-04,Silver,M
2224,Omar Shah,user2224@example.com,2024-11-11,Silver,F
2225,Zara Ali,user2225@example.com,2024-03-09,Bronze,M
2226,Zain Raza,user2226@example.com,2022-01-21,Platinum,F
2227,Zara Qureshi,user2227@example.com,2022-01-08,Bronze,M
2228,Zara Farooq,user2228@example.com,2024-06-30,Gold,F
2229,Zara Farooq,user2229@example.com,2023-02-10,Bronze,M
2230,Zara Qureshi,user2230@example.com,2024-03-04,Bronze,F
2231,Ali Akram,user2231@example.com,2022-01-08,Bronze,F
2232,Ali Hussain,user2232@example.com,2023-11-17,Bronze,F
2233,Zara Shah,user2233@example.com,2022-07-19,Bronze,M
2234,Aisha Akram,user2234@example.com,2023-04-13,Silver,M
2235,Sara Qureshi,user2235@example.com,2023-09-13,Bronze,F
2236,Aisha Khan,user2236@example.com,2022-07-02,Bronze,M
2237,Zain Akram,user2237@example.com,2022-09-26,Silver,F
2238,Fatima Hussain,user2238@example.com,2024-06-08,Silver,M
2239,Zain Hussain,user2239@example.com,2023-03-15,Bronze,F
2240,Fatima Hussain,user2240@example.com,2022-09-15,Bronze,F
2241,Hina Farooq,user2241@example.com,2022-05-22,Bronze,M
2242,Ali Ali,user2242@example.com,2022-10-03,Silver,M
2243,Hina Farooq,user2243@example.com,2022-10-15,Bronze,F
2244,Sara Khan,user2244@example.com,2023-03-23,Silver,M
2245,Ali Ali,user2245@example.com,2022-04-26,Silver,M
2246,Fatima Khan,user2246@example.com,2023-11-25,Bronze,M
2247,Fatima Khan,user2247@example.com,2023-07-12,Bronze,M
2248,Fatima Farooq,user2248@example.com,2024-06-09,Silver,M
2249,Ali Ali,user2249@example.com,2024-02-07,Silver,M
2250,Hina Akram,user2250@example.com,2024-11-16,Platinum,F
2251,Zain Qureshi,user2251@example.com,2022-12-29,Bronze,F
2252,Hina Ali,user2252@example.com,2022-02-25,Silver,F
2253,Fatima Ali,user2253@example.com,2022-02-10,Bronze,M
2254,Hina Akram,user2254@example.com,2022-02-15,Bronze,F
2255,Amir Raza,user2255@example.com,2022-05-16,Gold,M
2256,Sara Shah,user2256@example.com,2024-08-13,Gold,F
2257,Sara Akram,user2257@example.com,2022-10-22,Bronze,M
2258,Sara Qureshi,user2258@example.com,2022-03-13,Bronze,M
2259,Zain Qureshi,user2259@example.com,2023-07-01,Gold,F
2260,Sara Raza,user2260@example.com,2023-07-14,Bronze,M
2261,Ali Akram,user2261@example.com,2022-03-20,Bronze,M
2262,Zain Khan,user2262@example.com,2023-03-26,Bronze,M
2263,Zain Shah,user2263@example.com,2023-03-13,Bronze,F
2264,Zara Qureshi,user2264@example.com,2023-09-19,Bronze,M
2265,Ali Farooq,user2265@example.com,2023-01-09,Silver,M
2266,Aisha Farooq,user2266@example.com,2022-02-05,Bronze,M
2267,Ahmed Raza,user2267@example.com,2023-01-03,Bronze,F
2268,Sara Qureshi,user2268@example.com,2024-01-26,Silver,F
2269,Aisha Farooq,user2269@example.com,2023-09-19,Silver,F
2270,Hina Akram,user2270@example.com,2022-04-22,Bronze,M
2271,Zara Qureshi,user2271@example.com,2022-08-19,Silver,M
2272,Sara Farooq,user2272@example.com,2023-07-15,Bronze,M
2273,Ahmed Shah,user2273@example.com,2022-03-03,Silver,F
2274,Hassan Akram,user2274@example.com,2022-06-10,Silver,M
2275,Amir Hussain,user2275@example.com,2024-02-15,Bronze,M
2276,Omar Khan,user2276@example.com,2024-08-03,Bronze,M
2277,Sara Raza,user2277@example.com,2022-10-20,Bronze,F
2278,Aisha Shah,user2278@example.com,2023-03-20,Bronze,F
2279,Ahmed Qureshi,user2279@example.com,2022-03-06,Bronze,M
2280,Amir Raza,user2280@example.com,2024-03-22,Bronze,F
2281,Omar Farooq,user2281@example.com,2022-09-22,Bronze,F
2282,Omar Qureshi,user2282@example.com,2024-09-19,Gold,F
2283,Ahmed Akram,user2283@example.com,2023-01-21,Bronze,F
2284,Zara Farooq,user2284@example.com,2024-01-17,Bronze,M
2285,Ali Raza,user2285@example.com,2023-10-13,Silver,M
2286,Hassan Khan,user2286@example.com,2023-01-31,Bronze,M
2287,Amir Hussain,user2287@example.com,2023-03-18,Bronze,F
2288,Amir Hussain,user2288@example.com,2023-09-20,Bronze,F
2289,Zain Akram,user2289@example.com,2024-10-14,Platinum,M
2290,Amir Akram,user2290@example.com,2022-08-05,Silver,M
2291,Sara Shah,user2291@example.com,2023-12-19,Bronze,M
2292,Zain Hussain,user2292@example.com,2024-10-19,Silver,M
2293,Aisha Farooq,user2293@example.com,2024-11-25,Bronze,M
2294,Zain Farooq,user2294@example.com,2022-09-28,Gold,F
2295,Aisha Shah,user2295@example.com,2024-04-13,Silver,M
2296,Aisha Akram,user2296@example.com,2022-12-17,Gold,M
2297,Bilal Ali,user2297@example.com,2022-01-09,Gold,M
2298,Hassan Qureshi,user2298@example.com,2024-03-02,Bronze,M
2299,Ali Farooq,user2299@example.com,2024-04-24,Bronze,M
2300,Ali Shah,user2300@example.com,2022-12-25,Bronze,F
2301,Omar Farooq,user2301@example.com,2024-01-26,Gold,F
2302,Amir Raza,user2302@example.com,2023-02-12,Bronze,M
2303,Bilal Farooq,user2303@example.com,2024-03-03,Bronze,M
2304,Sara Farooq,user2304@example.com,2023-11-01,Bronze,F
2305,Omar Shah,user2305@example.com,2023-07-23,Silver,F
2306,Ahmed Qureshi,user2306@example.com,2022-03-13,Bronze,M
2307,Sara Khan,user2307@example.com,2024-12-14,Bronze,F
2308,Omar Akram,user2308@example.com,2024-04-16,Silver,M
2309,Zain Shah,user2309@example.com,2024-02-14,Gold,F
2310,Fatima Hussain,user2310@example.com,2023-05-03,Bronze,M
2311,Amir Khan,user2311@example.com,2023-04-07,Bronze,F
2312,Hassan Akram,user2312@example.com,2023-09-01,Bronze,M
2313,Bilal Hussain,user2313@example.com,2024-03-21,Bronze,M
2314,Sara Ali,user2314@example.com,2023-01-31,Bronze,F
2315,Amir Qureshi,user2315@example.com,2024-01-15,Bronze,M
2316,Hassan Raza,user2316@example.com,2023-12-01,Bronze,M
2317,Fatima Khan,user2317@example.com,2024-10-08,Silver,M
2318,Omar Qureshi,user2318@example.com,2024-09-26,Bronze,M
2319,Ali Shah,user2319@example.com,2022-02-13,Silver,M
2320,Ali Ali,user2320@example.com,2024-04-22,Bronze,M
2321,Zain Hussain,user2321@example.com,2023-04-11,Bronze,F
2322,Fatima Akram,user2322@example.com,2023-09-13,Bronze,M
2323,Sara Akram,user2323@example.com,2023-07-11,Silver,M
2324,Sara Hussain,user2324@example.com,2023-01-25,Bronze,M
2325,Sara Ali,user2325@example.com,2024-11-27,Bronze,F
2326,Fatima Ali,user2326@example.com,2023-06-01,Bronze,F
2327,Omar Shah,user2327@example.com,2024-02-18,Platinum,F
2328,Hina Qureshi,user2328@example.com,2023-02-27,Bronze,M
2329,Amir Shah,user2329@example.com,2024-12-18,Gold,F
2330,Hina Shah,user2330@example.com,2024-08-24,Bronze,F
2331,Omar Farooq,user2331@example.com,2023-06-21,Bronze,F
2332,Aisha Raza,user2332@example.com,2024-09-20,Bronze,M
2333,Zain Khan,user2333@example.com,2024-10-01,Bronze,M
2334,Hassan Khan,user2334@example.com,2024-04-19,Gold,M
2335,Fatima Qureshi,user2335@example.com,2024-01-14,Bronze,F
2336,Ahmed Shah,user2336@example.com,2023-07-16,Silver,F
2337,Omar Hussain,user2337@example.com,2023-05-25,Silver,M
2338,Ali Shah,user2338@example.com,2022-06-05,Bronze,F
2339,Omar Hussain,user2339@example.com,2023-04-26,Silver,F
2340,Zara Raza,user2340@example.com,2024-05-24,Bronze,F
2341,Bilal Ali,user2341@example.com,2022-01-13,Bronze,M
2342,Sara Khan,user2342@example.com,2023-12-25,Silver,F
2343,Zara Farooq,user2343@example.com,2022-09-13,Silver,M
2344,Fatima Hussain,user2344@example.com,2023-03-22,Bronze,M
2345,Omar Khan,user2345@example.com,2023-01-02,Silver,M
2346,Omar Shah,user2346@example.com,2023-12-21,Bronze,M
2347,Omar Ali,user2347@example.com,2022-06-26,Bronze,M
2348,Fatima Khan,user2348@example.com,2022-01-09,Bronze,F
2349,Amir Akram,user2349@example.com,2024-03-18,Bronze,F
2350,Sara Hussain,user2350@example.com,2022-03-26,Bronze,F
2351,Aisha Shah,user2351@example.com,2022-01-12,Silver,F
2352,Zain Raza,user2352@example.com,2023-07-26,Silver,F
2353,Sara Raza,user2353@example.com,2024-11-10,Bronze,M
2354,Omar Farooq,user2354@example.com,2023-02-25,Silver,F
2355,Sara Khan,user2355@example.com,2023-04-13,Bronze,M
2356,Hassan Farooq,user2356@example.com,2022-12-05,Bronze,M
2357,Sara Hussain,user2357@example.com,2023-04-20,Silver,M
2358,Zara Shah,user2358@example.com,2024-03-12,Bronze,F
2359,Ahmed Akram,user2359@example.com,2024-01-09,Bronze,F
2360,Zain Raza,user2360@example.com,2022-02-10,Silver,F
2361,Zain Qureshi,user2361@example.com,2023-06-28,Silver,F
2362,Zain Ali,user2362@example.com,2022-05-16,Bronze,M
2363,Zara Qureshi,user2363@example.com,2022-02-15,Gold,M
2364,Ali Akram,user2364@example.com,2022-03-12,Gold,M
2365,Sara Raza,user2365@example.com,2022-10-20,Bronze,M
2366,Zain Hussain,user2366@example.com,2023-01-15,Gold,M
2367,Sara Hussain,user2367@example.com,2022-12-23,Bronze,M
2368,Zain Raza,user2368@example.com,2023-03-19,Bronze,M
2369,Sara Ali,user2369@example.com,2023-07-24,Bronze,M
2370,Ahmed Khan,user2370@example.com,2023-12-06,Gold,M
2371,Ahmed Hussain,user2371@example.com,2023-07-13,Bronze,F
2372,Aisha Hussain,user2372@example.com,2022-02-06,Bronze,M
2373,Hina Akram,user2373@example.com,2023-01-07,Bronze,M
2374,Sara Shah,user2374@example.com,2022-06-16,Bronze,F
2375,Sara Farooq,user2375@example.com,2023-05-27,Silver,M
2376,Bilal Ali,user2376@example.com,2023-03-07,Silver,M
2377,Hassan Ali,user2377@example.com,2022-09-01,Platinum,M
2378,Zara Farooq,user2378@example.com,2024-12-06,Bronze,M
2379,Ali Qureshi,user2379@example.com,2022-05-24,Bronze,M
2380,Zain Khan,user2380@example.com,2024-04-23,Silver,F
2381,Hassan Hussain,user2381@example.com,2024-01-21,Gold,M
2382,Sara Akram,user2382@example.com,2024-03-30,Bronze,M
2383,Amir Shah,user2383@example.com,2023-06-06,Silver,M
2384,Zara Khan,user2384@example.com,2022-04-28,Silver,M
2385,Omar Hussain,user2385@example.com,2024-09-10,Bronze,M
2386,Zara Qureshi,user2386@example.com,2024-02-14,Bronze,F
2387,Bilal Farooq,user2387@example.com,2022-10-23,Bronze,M
2388,Zara Raza,user2388@example.com,2024-05-20,Bronze,F
2389,Zain Ali,user2389@example.com,2022-03-03,Bronze,F
2390,Hina Qureshi,user2390@example.com,2024-04-07,Silver,M
2391,Ahmed Hussain,user2391@example.com,2023-09-07,Gold,M
2392,Bilal Farooq,user2392@example.com,2024-05-27,Bronze,M
2393,Ahmed Hussain,user2393@example.com,2024-11-06,Platinum,M
2394,Hassan Hussain,user2394@example.com,2023-01-01,Bronze,F
2395,Hina Ali,user2395@example.com,2023-03-07,Bronze,F
2396,Ahmed Ali,user2396@example.com,2023-07-22,Bronze,M
2397,Sara Akram,user2397@example.com,2024-09-01,Bronze,F
2398,Ali Ali,user2398@example.com,2024-10-30,Silver,M
2399,Bilal Hussain,user2399@example.com,2023-07-06,Bronze,F
2400,Fatima Khan,user2400@example.com,2024-05-06,Gold,M
2401,Hina Hussain,user2401@example.com,2023-07-18,Bronze,M
2402,Zara Akram,user2402@example.com,2024-05-14,Bronze,M
2403,Hina Hussain,user2403@example.com,2022-10-27,Silver,M
2404,Hassan Khan,user2404@example.com,2024-02-07,Bronze,F
2405,Amir Akram,user2405@example.com,2023-04-09,Bronze,F
2406,Hassan Raza,user2406@example.com,2023-06-15,Bronze,F
2407,Hina Raza,user2407@example.com,2024-08-06,Platinum,F
2408,Ali Hussain,user2408@example.com,2023-12-06,Bronze,F
2409,Ahmed Hussain,user2409@example.com,2022-08-28,Silver,M
2410,Bilal Hussain,user2410@example.com,2023-11-19,Bronze,M
2411,Sara Raza,user2411@example.com,2023-03-02,Bronze,M
2412,Aisha Khan,user2412@example.com,2023-04-04,Bronze,F
2413,Amir Shah,user2413@example.com,2022-03-25,Gold,F
2414,Omar Raza,user2414@example.com,2023-07-30,Silver,M
2415,Hassan Ali,user2415@example.com,2022-11-14,Bronze,M
2416,Hassan Khan,user2416@example.com,2023-02-10,Bronze,F
2417,Zara Ali,user2417@example.com,2023-05-10,Platinum,M
2418,Bilal Hussain,user2418@example.com,2024-04-14,Bronze,F
2419,Amir Khan,user2419@example.com,2023-11-06,Silver,F
2420,Zara Qureshi,user2420@example.com,2023-04-28,Bronze,F
2421,Sara Ali,user2421@example.com,2023-05-31,Bronze,F
2422,Amir Khan,user2422@example.com,2023-08-15,Silver,M
2423,Omar Hussain,user2423@example.com,2022-10-28,Gold,M
2424,Hassan Farooq,user2424@example.com,2023-05-30,Platinum,M
2425,Omar Farooq,user2425@example.com,2023-03-12,Bronze,M
2426,Amir Khan,user2426@example.com,2022-08-02,Gold,F
2427,Ahmed Ali,user2427@example.com,2023-01-21,Platinum,F
2428,Omar Shah,user2428@example.com,2023-01-24,Bronze,M
2429,Zara Raza,user2429@example.com,2024-05-13,Bronze,F
2430,Zain Ali,user2430@example.com,2022-11-08,Bronze,M
2431,Ali Ali,user2431@example.com,2023-04-21,Silver,M
2432,Ahmed Raza,user2432@example.com,2022-02-27,Silver,F
2433,Fatima Akram,user2433@example.com,2024-09-20,Gold,M
2434,Aisha Raza,user2434@example.com,2024-12-03,Bronze,F
2435,Aisha Ali,user2435@example.com,2023-08-28,Bronze,M
2436,Sara Qureshi,user2436@example.com,2022-06-21,Silver,F
2437,Ali Ali,user2437@example.com,2022-05-21,Bronze,F
2438,Ahmed Shah,user2438@example.com,2022-09-03,Bronze,M
2439,Omar Khan,user2439@example.com,2022-11-26,Bronze,M
2440,Omar Hussain,user2440@example.com,2022-03-20,Bronze,F
2441,Sara Akram,user2441@example.com,2024-10-25,Bronze,F
2442,Hassan Raza,user2442@example.com,2024-08-14,Bronze,M
2443,Bilal Qureshi,user2443@example.com,2023-06-06,Bronze,F
2444,Ahmed Shah,user2444@example.com,2024-11-19,Bronze,M
2445,Sara Khan,user2445@example.com,2023-01-05,Silver,M
2446,Zain Hussain,user2446@example.com,2023-01-06,Bronze,M
2447,Aisha Qureshi,user2447@example.com,2023-02-28,Silver,M
2448,Fatima Ali,user2448@example.com,2024-05-02,Bronze,F
2449,Sara Qureshi,user2449@example.com,2023-07-11,Silver,F
2450,Zara Farooq,user2450@example.com,2022-11-27,Bronze,F
2451,Ahmed Hussain,user2451@example.com,2023-02-23,Gold,F
2452,Bilal Shah,user2452@example.com,2023-02-16,Bronze,M
2453,Omar Hussain,user2453@example.com,2024-08-12,Bronze,M
2454,Ahmed Akram,user2454@example.com,2022-07-13,Bronze,M
2455,Sara Ali,user2455@example.com,2023-10-01,Gold,M
2456,Amir Ali,user2456@example.com,2023-11-26,Silver,M
2457,Ali Shah,user2457@example.com,2023-04-12,Bronze,F
2458,Amir Qureshi,user2458@example.com,2024-02-01,Gold,F
2459,Bilal Shah,user2459@example.com,2024-08-11,Bronze,F
2460,Hassan Qureshi,user2460@example.com,2024-04-23,Bronze,M
2461,Hina Qureshi,user2461@example.com,2024-03-09,Bronze,F
2462,Hassan Shah,user2462@example.com,2023-09-19,Silver,F
2463,Sara Khan,user2463@example.com,2024-02-14,Bronze,F
2464,Hassan Hussain,user2464@example.com,2022-07-30,Gold,M
2465,Aisha Farooq,user2465@example.com,2022-07-10,Bronze,F
2466,Zara Farooq,user2466@example.com,2023-08-02,Silver,F
2467,Zara Akram,user2467@example.com,2023-11-29,Silver,F
2468,Fatima Ali,user2468@example.com,2023-05-15,Bronze,F
2469,Fatima Ali,user2469@example.com,2024-09-17,Silver,M
2470,Aisha Raza,user2470@example.com,2022-02-22,Bronze,M
2471,Omar Khan,user2471@example.com,2022-07-17,Silver,M
2472,Ali Farooq,user2472@example.com,2023-12-24,Bronze,F
2473,Zain Raza,user2473@example.com,2023-05-27,Bronze,M
2474,Zain Hussain,user2474@example.com,2023-07-18,Bronze,M
2475,Omar Ali,user2475@example.com,2024-03-17,Silver,M
2476,Ali Shah,user2476@example.com,2022-12-01,Bronze,F
2477,Ali Raza,user2477@example.com,2023-11-07,Bronze,M
2478,Ahmed Qureshi,user2478@example.com,2022-12-17,Bronze,M
2479,Zain Farooq,user2479@example.com,2022-12-23,Silver,M
2480,Hassan Raza,user2480@example.com,2023-05-18,Bronze,M
2481,Hassan Akram,user2481@example.com,2022-03-24,Platinum,M
2482,Sara Ali,user2482@example.com,2023-02-24,Bronze,F
2483,Zara Farooq,user2483@example.com,2023-11-17,Bronze,M
2484,Zain Akram,user2484@example.com,2023-01-08,Gold,F
2485,Bilal Farooq,user2485@example.com,2022-04-14,Silver,F
2486,Bilal Raza,user2486@example.com,2024-03-24,Bronze,M
2487,Hina Akram,user2487@example.com,2022-01-08,Bronze,M
2488,Sara Shah,user2488@example.com,2024-06-30,Gold,F
2489,Omar Farooq,user2489@example.com,2023-04-28,Bronze,F
2490,Aisha Akram,user2490@example.com,2024-06-09,Bronze,M
2491,Hassan Akram,user2491@example.com,2022-10-27,Gold,F
2492,Hassan Qureshi,user2492@example.com,2022-05-29,Bronze,M
2493,Bilal Hussain,user2493@example.com,2022-01-21,Gold,F
2494,Omar Khan,user2494@example.com,2023-11-29,Bronze,M
2495,Ahmed Qureshi,user2495@example.com,2022-09-16,Gold,F
2496,Sara Raza,user2496@example.com,2022-09-15,Bronze,F
2497,Amir Farooq,user2497@example.com,2024-04-17,Gold,M
2498,Hassan Farooq,user2498@example.com,2022-11-01,Bronze,M
2499,Zain Farooq,user2499@example.com,2023-01-26,Silver,M
2500,Zara Akram,user2500@example.com,2022-02-16,Bronze,F
2501,Hassan Hussain,user2501@example.com,2024-07-13,Bronze,F
2502,Sara Qureshi,user2502@example.com,2024-05-04,Bronze,F
2503,Amir Qureshi,user2503@example.com,2022-03-27,Bronze,M
2504,Aisha Qureshi,user2504@example.com,2023-03-18,Silver,F
2505,Fatima Akram,user2505@example.com,2024-10-30,Bronze,F
2506,Zara Shah,user2506@example.com,2024-06-11,Bronze,M
2507,Omar Akram,user2507@example.com,2022-09-03,Bronze,M
2508,Aisha Farooq,user2508@example.com,2024-08-01,Silver,M
2509,Omar Ali,user2509@example.com,2023-03-22,Bronze,M
2510,Hassan Qureshi,user2510@example.com,2024-09-14,Bronze,F
2511,Zara Raza,user2511@example.com,2023-11-21,Bronze,M
2512,Bilal Raza,user2512@example.com,2022-10-13,Silver,F
2513,Hassan Farooq,user2513@example.com,2023-08-26,Bronze,M
2514,Bilal Qureshi,user2514@example.com,2022-11-06,Bronze,F
2515,Ahmed Farooq,user2515@example.com,2023-03-13,Silver,M
2516,Ali Khan,user2516@example.com,2022-06-25,Silver,M
2517,Aisha Khan,user2517@example.com,2022-11-02,Bronze,M
2518,Bilal Qureshi,user2518@example.com,2024-12-14,Bronze,F
2519,Aisha Shah,user2519@example.com,2024-03-07,Silver,M
2520,Zara Khan,user2520@example.com,2023-03-25,Bronze,F
2521,Aisha Hussain,user2521@example.com,2024-01-21,Bronze,M
2522,Zain Ali,user2522@example.com,2023-04-28,Bronze,M
2523,Omar Akram,user2523@example.com,2023-05-27,Bronze,M
2524,Zain Hussain,user2524@example.com,2023-09-21,Bronze,M
2525,Zain Shah,user2525@example.com,2022-11-01,Platinum,F
2526,Ali Qureshi,user2526@example.com,2024-04-18,Gold,F
2527,Omar Qureshi,user2527@example.com,2023-05-22,Gold,M
2528,Aisha Qureshi,user2528@example.com,2022-10-02,Silver,M
2529,Sara Farooq,user2529@example.com,2024-12-03,Silver,M
2530,Zain Qureshi,user2530@example.com,2022-02-08,Bronze,M
2531,Bilal Farooq,user2531@example.com,2023-01-03,Bronze,F
2532,Fatima Hussain,user2532@example.com,2022-07-26,Bronze,F
2533,Ahmed Shah,user2533@example.com,2024-03-29,Silver,F
2534,Hina Qureshi,user2534@example.com,2022-06-03,Bronze,F
2535,Ahmed Farooq,user2535@example.com,2023-07-18,Silver,F
2536,Hassan Ali,user2536@example.com,2024-03-21,Gold,M
2537,Omar Khan,user2537@example.com,2024-05-30,Bronze,M
2538,Ahmed Akram,user2538@example.com,2022-11-30,Bronze,M
2539,Ahmed Hussain,user2539@example.com,2023-08-24,Platinum,M
2540,Hassan Farooq,user2540@example.com,2023-06-04,Bronze,M
2541,Amir Hussain,user2541@example.com,2022-12-27,Silver,F
2542,Hassan Hussain,user2542@example.com,2024-04-13,Gold,M
2543,Hassan Khan,user2543@example.com,2022-08-21,Silver,F
2544,Zara Hussain,user2544@example.com,2023-12-19,Bronze,F
2545,Sara Raza,user2545@example.com,2023-10-30,Bronze,M
2546,Zara Ali,user2546@example.com,2024-02-17,Bronze,M
2547,Bilal Hussain,user2547@example.com,2022-07-31,Bronze,M
2548,Bilal Shah,user2548@example.com,2024-10-29,Bronze,F
2549,Ali Ali,user2549@example.com,2023-08-14,Bronze,F
2550,Bilal Farooq,user2550@example.com,2022-03-20,Silver,F
2551,Hina Shah,user2551@example.com,2022-08-22,Bronze,F
2552,Zain Hussain,user2552@example.com,2024-04-26,Gold,M
2553,Ali Raza,user2553@example.com,2022-08-29,Gold,F
2554,Zain Ali,user2554@example.com,2022-10-25,Bronze,M
2555,Sara Khan,user2555@example.com,2022-02-15,Gold,F
2556,Ahmed Akram,user2556@example.com,2024-08-12,Silver,F
2557,Aisha Ali,user2557@example.com,2023-07-19,Bronze,M
2558,Omar Akram,user2558@example.com,2024-02-05,Platinum,M
2559,Aisha Raza,user2559@example.com,2022-04-05,Platinum,M
2560,Fatima Akram,user2560@example.com,2023-02-03,Silver,M
2561,Hina Khan,user2561@example.com,2022-10-22,Bronze,F
2562,Zain Hussain,user2562@example.com,2022-02-06,Silver,M
2563,Omar Farooq,user2563@example.com,2024-09-06,Bronze,F
2564,Zain Qureshi,user2564@example.com,2022-03-19,Bronze,M
2565,Hina Hussain,user2565@example.com,2022-09-20,Bronze,F
2566,Bilal Raza,user2566@example.com,2022-09-16,Silver,M
2567,Zara Akram,user2567@example.com,2022-09-19,Silver,M
2568,Ali Raza,user2568@example.com,2022-11-20,Bronze,M
2569,Bilal Akram,user2569@example.com,2023-12-28,Bronze,F
2570,Ali Shah,user2570@example.com,2023-03-24,Bronze,F
2571,Sara Shah,user2571@example.com,2022-02-06,Bronze,M
2572,Hassan Ali,user2572@example.com,2022-02-08,Bronze,M
2573,Hina Hussain,user2573@example.com,2023-08-24,Silver,M
2574,Ahmed Raza,user2574@example.com,2024-04-21,Silver,M
2575,Hassan Akram,user2575@example.com,2024-06-28,Bronze,M
2576,Bilal Ali,user2576@example.com,2022-03-18,Gold,M
2577,Bilal Qureshi,user2577@example.com,2023-06-28,Bronze,F
2578,Ali Raza,user2578@example.com,2024-09-09,Bronze,F
2579,Zain Qureshi,user2579@example.com,2022-04-26,Bronze,F
2580,Bilal Raza,user2580@example.com,2024-03-20,Bronze,F
2581,Fatima Akram,user2581@example.com,2023-09-06,Bronze,M
2582,Sara Akram,user2582@example.com,2022-01-15,Bronze,F
2583,Sara Hussain,user2583@example.com,2022-11-04,Bronze,F
2584,Sara Raza,user2584@example.com,2022-05-31,Platinum,F
2585,Zara Ali,user2585@example.com,2022-11-28,Platinum,M
2586,Ahmed Shah,user2586@example.com,2022-10-05,Platinum,M
2587,Zara Akram,user2587@example.com,2023-10-17,Bronze,M
2588,Amir Shah,user2588@example.com,2023-11-04,Bronze,M
2589,Fatima Hussain,user2589@example.com,2024-10-22,Gold,M
2590,Sara Shah,user2590@example.com,2023-01-15,Bronze,F
2591,Fatima Raza,user2591@example.com,2022-04-23,Bronze,F
2592,Ahmed Ali,user2592@example.com,2023-12-06,Bronze,M
2593,Zara Qureshi,user2593@example.com,2023-05-19,Bronze,F
2594,Bilal Ali,user2594@example.com,2023-08-05,Gold,M
2595,Aisha Shah,user2595@example.com,2024-01-24,Bronze,F
2596,Fatima Ali,user2596@example.com,2024-03-14,Bronze,M
2597,Bilal Khan,user2597@example.com,2023-03-10,Silver,M
2598,Sara Shah,user2598@example.com,2023-01-04,Bronze,F
2599,Omar Raza,user2599@example.com,2022-09-01,Silver,F
2600,Hassan Ali,user2600@example.com,2023-10-01,Silver,M
2601,Hassan Khan,user2601@example.com,2022-04-15,Bronze,F
2602,Zain Shah,user2602@example.com,2022-10-26,Bronze,M
2603,Bilal Farooq,user2603@example.com,2024-12-06,Silver,M
2604,Fatima Khan,user2604@example.com,2022-02-08,Bronze,F
2605,Amir Khan,user2605@example.com,2024-08-03,Bronze,M
2606,Aisha Akram,user2606@example.com,2023-11-10,Silver,F
2607,Sara Shah,user2607@example.com,2022-03-04,Gold,M
2608,Hina Raza,user2608@example.com,2024-03-31,Gold,M
2609,Ali Raza,user2609@example.com,2023-12-05,Silver,M
2610,Ali Shah,user2610@example.com,2022-11-22,Silver,M
2611,Hina Khan,user2611@example.com,2022-04-17,Bronze,F
2612,Sara Hussain,user2612@example.com,2023-08-21,Bronze,M
2613,Aisha Shah,user2613@example.com,2023-02-20,Silver,F
2614,Aisha Shah,user2614@example.com,2023-02-27,Bronze,M
2615,Ahmed Qureshi,user2615@example.com,2023-02-19,Bronze,F
2616,Omar Akram,user2616@example.com,2023-10-26,Bronze,M
2617,Amir Farooq,user2617@example.com,2022-10-15,Bronze,M
2618,Ahmed Qureshi,user2618@example.com,2024-01-29,Bronze,F
2619,Bilal Khan,user2619@example.com,2024-03-16,Silver,F
2620,Ali Qureshi,user2620@example.com,2022-04-28,Bronze,F
2621,Hina Ali,user2621@example.com,2023-09-15,Bronze,M
2622,Omar Akram,user2622@example.com,2022-04-24,Silver,M
2623,Ahmed Raza,user2623@example.com,2023-07-16,Bronze,M
2624,Zara Raza,user2624@example.com,2024-06-29,Bronze,M
2625,Bilal Hussain,user2625@example.com,2023-01-15,Bronze,F
2626,Sara Khan,user2626@example.com,2024-03-29,Bronze,M
2627,Omar Hussain,user2627@example.com,2022-09-14,Platinum,M
2628,Ahmed Shah,user2628@example.com,2022-09-03,Bronze,F
2629,Ahmed Qureshi,user2629@example.com,2023-08-24,Bronze,F
2630,Omar Shah,user2630@example.com,2022-03-25,Bronze,F
2631,Zain Ali,user2631@example.com,2022-06-21,Silver,M
2632,Bilal Ali,user2632@example.com,2023-07-03,Bronze,F
2633,Amir Akram,user2633@example.com,2023-10-11,Bronze,M
2634,Aisha Akram,user2634@example.com,2023-05-06,Platinum,F
2635,Aisha Khan,user2635@example.com,2024-05-11,Silver,F
2636,Ahmed Qureshi,user2636@example.com,2023-09-01,Bronze,F
2637,Ali Akram,user2637@example.com,2024-02-21,Bronze,M
2638,Ali Khan,user2638@example.com,2023-07-21,Bronze,M
2639,Hassan Akram,user2639@example.com,2023-08-19,Bronze,F
2640,Hassan Raza,user2640@example.com,2023-04-20,Bronze,M
2641,Ahmed Farooq,user2641@example.com,2022-06-30,Silver,F
2642,Aisha Akram,user2642@example.com,2023-04-11,Gold,F
2643,Zara Akram,user2643@example.com,2024-07-22,Platinum,F
2644,Ali Raza,user2644@example.com,2022-01-15,Bronze,M
2645,Ali Akram,user2645@example.com,2024-03-23,Bronze,F
2646,Ali Farooq,user2646@example.com,2023-12-14,Bronze,F
2647,Zain Ali,user2647@example.com,2022-10-06,Bronze,F
2648,Aisha Qureshi,user2648@example.com,2023-10-27,Silver,M
2649,Bilal Hussain,user2649@example.com,2023-05-23,Bronze,M
2650,Amir Shah,user2650@example.com,2023-06-30,Bronze,F
2651,Amir Shah,user2651@example.com,2024-06-02,Bronze,F
2652,Bilal Farooq,user2652@example.com,2022-11-14,Bronze,F
2653,Bilal Akram,user2653@example.com,2024-08-10,Bronze,F
2654,Sara Akram,user2654@example.com,2022-11-16,Bronze,M
2655,Ali Khan,user2655@example.com,2024-11-03,Silver,F
2656,Ali Akram,user2656@example.com,2024-07-16,Bronze,M
2657,Amir Raza,user2657@example.com,2022-07-15,Silver,M
2658,Hina Farooq,user2658@example.com,2022-08-04,Gold,F
2659,Aisha Hussain,user2659@example.com,2022-10-12,Silver,F
2660,Zain Hussain,user2660@example.com,2022-10-29,Bronze,M
2661,Hina Farooq,user2661@example.com,2024-04-13,Bronze,M
2662,Sara Qureshi,user2662@example.com,2022-04-10,Bronze,M
2663,Zara Akram,user2663@example.com,2022-04-22,Silver,F
2664,Hassan Farooq,user2664@example.com,2022-03-31,Bronze,M
2665,Zain Farooq,user2665@example.com,2023-12-28,Bronze,F
2666,Amir Ali,user2666@example.com,2024-10-02,Silver,F
2667,Fatima Farooq,user2667@example.com,2022-07-16,Silver,M
2668,Omar Qureshi,user2668@example.com,2024-02-15,Silver,M
2669,Omar Qureshi,user2669@example.com,2023-07-29,Bronze,F
2670,Aisha Shah,user2670@example.com,2023-04-23,Gold,F
2671,Amir Akram,user2671@example.com,2023-04-08,Silver,M
2672,Bilal Hussain,user2672@example.com,2024-12-29,Bronze,F
2673,Ali Khan,user2673@example.com,2023-03-26,Silver,F
2674,Hina Qureshi,user2674@example.com,2023-09-02,Silver,F
2675,Aisha Khan,user2675@example.com,2023-07-24,Silver,F
2676,Bilal Hussain,user2676@example.com,2024-06-15,Gold,M
2677,Ahmed Khan,user2677@example.com,2024-08-05,Bronze,M
2678,Sara Farooq,user2678@example.com,2023-05-22,Silver,F
2679,Sara Akram,user2679@example.com,2023-12-05,Bronze,F
2680,Hassan Akram,user2680@example.com,2022-05-11,Bronze,F
2681,Fatima Ali,user2681@example.com,2023-06-20,Silver,M
2682,Bilal Ali,user2682@example.com,2023-08-11,Silver,M
2683,Hina Shah,user2683@example.com,2022-07-23,Gold,F
2684,Hassan Qureshi,user2684@example.com,2024-12-21,Gold,F
2685,Zara Raza,user2685@example.com,2024-12-07,Bronze,M
2686,Zain Farooq,user2686@example.com,2024-11-14,Bronze,M
2687,Amir Farooq,user2687@example.com,2023-07-15,Bronze,F
2688,Fatima Qureshi,user2688@example.com,2022-02-04,Silver,F
2689,Hina Farooq,user2689@example.com,2022-09-26,Bronze,M
2690,Sara Ali,user2690@example.com,2024-12-01,Silver,F
2691,Amir Shah,user2691@example.com,2022-10-15,Bronze,M
2692,Sara Akram,user2692@example.com,2022-04-13,Bronze,M
2693,Bilal Qureshi,user2693@example.com,2023-04-15,Platinum,M
2694,Aisha Raza,user2694@example.com,2023-05-30,Silver,F
2695,Sara Raza,user2695@example.com,2024-12-25,Bronze,M
2696,Zara Farooq,user2696@example.com,2024-11-22,Bronze,M
2697,Hina Akram,user2697@example.com,2022-08-04,Bronze,F
2698,Ali Ali,user2698@example.com,2023-08-30,Bronze,F
2699,Zara Khan,user2699@example.com,2024-05-25,Bronze,M
2700,Sara Raza,user2700@example.com,2023-04-02,Silver,M
2701,Sara Hussain,user2701@example.com,2023-07-27,Bronze,M
2702,Hassan Khan,user2702@example.com,2022-01-07,Bronze,M
2703,Zara Raza,user2703@example.com,2024-11-04,Platinum,M
2704,Fatima Qureshi,user2704@example.com,2023-06-02,Gold,M
2705,Zain Khan,user2705@example.com,2024-05-01,Bronze,M
2706,Amir Hussain,user2706@example.com,2022-06-17,Gold,M
2707,Ahmed Akram,user2707@example.com,2023-08-30,Platinum,F
2708,Zain Shah,user2708@example.com,2022-02-17,Bronze,F
2709,Fatima Hussain,user2709@example.com,2022-06-22,Bronze,M
2710,Hina Farooq,user2710@example.com,2024-04-29,Silver,F
2711,Bilal Hussain,user2711@example.com,2022-05-14,Bronze,F
2712,Zara Shah,user2712@example.com,2023-09-18,Bronze,M
2713,Ali Akram,user2713@example.com,2022-06-04,Bronze,M
2714,Bilal Hussain,user2714@example.com,2023-06-26,Bronze,M
2715,Ahmed Qureshi,user2715@example.com,2024-06-03,Bronze,F
2716,Aisha Shah,user2716@example.com,2023-07-09,Bronze,F
2717,Omar Ali,user2717@example.com,2023-01-08,Bronze,F
2718,Aisha Farooq,user2718@example.com,2023-12-03,Silver,F
2719,Fatima Shah,user2719@example.com,2023-03-20,Bronze,M
2720,Zain Shah,user2720@example.com,2023-03-29,Bronze,M
2721,Aisha Hussain,user2721@example.com,2022-07-29,Bronze,F
2722,Zain Ali,user2722@example.com,2023-09-19,Bronze,M
2723,Fatima Akram,user2723@example.com,2022-04-26,Bronze,M
2724,Omar Raza,user2724@example.com,2024-11-29,Bronze,F
2725,Ali Farooq,user2725@example.com,2024-08-03,Bronze,F
2726,Bilal Hussain,user2726@example.com,2022-05-29,Bronze,M
2727,Omar Shah,user2727@example.com,2024-02-13,Silver,M
2728,Aisha Ali,user2728@example.com,2022-07-16,Bronze,F
2729,Sara Ali,user2729@example.com,2022-08-11,Bronze,M
2730,Ahmed Khan,user2730@example.com,2023-10-16,Silver,M
2731,Bilal Ali,user2731@example.com,2023-07-28,Bronze,M
2732,Ali Qureshi,user2732@example.com,2022-04-10,Bronze,F
2733,Omar Ali,user2733@example.com,2024-03-23,Bronze,F
2734,Amir Shah,user2734@example.com,2022-09-01,Bronze,M
2735,Ali Hussain,user2735@example.com,2023-09-07,Bronze,F
2736,Zara Raza,user2736@example.com,2022-02-25,Silver,F
2737,Omar Ali,user2737@example.com,2022-09-21,Gold,F
2738,Zara Shah,user2738@example.com,2022-10-28,Bronze,F
2739,Hassan Ali,user2739@example.com,2023-01-29,Bronze,F
2740,Hassan Khan,user2740@example.com,2022-03-10,Bronze,F
2741,Hina Khan,user2741@example.com,2023-08-05,Bronze,M
2742,Fatima Farooq,user2742@example.com,2024-09-25,Silver,M
2743,Bilal Farooq,user2743@example.com,2022-07-13,Bronze,M
2744,Ahmed Ali,user2744@example.com,2024-03-11,Gold,M
2745,Sara Raza,user2745@example.com,2022-09-29,Gold,F
2746,Omar Shah,user2746@example.com,2024-09-24,Bronze,M
2747,Hina Qureshi,user2747@example.com,2023-09-09,Silver,F
2748,Aisha Ali,user2748@example.com,2023-07-21,Bronze,M
2749,Sara Raza,user2749@example.com,2023-09-19,Silver,M
2750,Aisha Hussain,user2750@example.com,2022-05-09,Silver,F
2751,Sara Khan,user2751@example.com,2022-05-13,Bronze,M
2752,Ali Shah,user2752@example.com,2023-05-31,Bronze,F
2753,Hassan Qureshi,user2753@example.com,2023-07-11,Silver,M
2754,Ali Raza,user2754@example.com,2024-10-25,Silver,M
2755,Fatima Farooq,user2755@example.com,2023-05-08,Gold,F
2756,Aisha Akram,user2756@example.com,2023-09-17,Silver,M
2757,Aisha Hussain,user2757@example.com,2024-01-25,Gold,M
2758,Ahmed Ali,user2758@example.com,2023-11-18,Silver,M
2759,Zain Shah,user2759@example.com,2023-08-14,Bronze,M
2760,Hina Hussain,user2760@example.com,2022-01-17,Bronze,M
2761,Ali Qureshi,user2761@example.com,2023-12-22,Gold,M
2762,Omar Hussain,user2762@example.com,2022-04-10,Bronze,M
2763,Zara Akram,user2763@example.com,2022-11-20,Silver,F
2764,Ali Ali,user2764@example.com,2024-08-25,Bronze,F
2765,Omar Khan,user2765@example.com,2023-05-31,Gold,M
2766,Ali Farooq,user2766@example.com,2023-02-27,Bronze,F
2767,Omar Hussain,user2767@example.com,2022-03-06,Bronze,M
2768,Ali Qureshi,user2768@example.com,2022-10-05,Bronze,F
2769,Fatima Farooq,user2769@example.com,2023-03-04,Platinum,F
2770,Amir Hussain,user2770@example.com,2023-01-10,Silver,M
2771,Ali Khan,user2771@example.com,2024-10-30,Bronze,F
2772,Hina Shah,user2772@example.com,2024-07-05,Platinum,M
2773,Zain Qureshi,user2773@example.com,2022-03-12,Silver,F
2774,Fatima Qureshi,user2774@example.com,2022-02-20,Bronze,F
2775,Sara Shah,user2775@example.com,2024-09-14,Bronze,F
2776,Amir Shah,user2776@example.com,2022-06-07,Bronze,M
2777,Zara Ali,user2777@example.com,2023-09-26,Silver,F
2778,Amir Hussain,user2778@example.com,2023-06-11,Bronze,F
2779,Aisha Akram,user2779@example.com,2023-03-29,Gold,F
2780,Zara Shah,user2780@example.com,2024-06-13,Platinum,F
2781,Omar Qureshi,user2781@example.com,2022-05-16,Silver,F
2782,Hassan Qureshi,user2782@example.com,2022-03-20,Bronze,M
2783,Amir Raza,user2783@example.com,2022-03-23,Bronze,F
2784,Ahmed Shah,user2784@example.com,2024-04-19,Silver,M
2785,Aisha Qureshi,user2785@example.com,2022-04-07,Platinum,F
2786,Bilal Khan,user2786@example.com,2022-12-14,Silver,M
2787,Ahmed Farooq,user2787@example.com,2024-11-08,Bronze,F
2788,Hassan Farooq,user2788@example.com,2022-06-10,Gold,M
2789,Ali Qureshi,user2789@example.com,2024-08-12,Silver,M
2790,Omar Ali,user2790@example.com,2022-05-19,Gold,M
2791,Amir Ali,user2791@example.com,2023-06-27,Bronze,F
2792,Amir Khan,user2792@example.com,2024-06-22,Silver,M
2793,Sara Akram,user2793@example.com,2024-11-04,Bronze,F
2794,Omar Raza,user2794@example.com,2022-11-15,Silver,M
2795,Aisha Raza,user2795@example.com,2023-03-28,Bronze,F
2796,Amir Shah,user2796@example.com,2024-06-02,Silver,M
2797,Fatima Ali,user2797@example.com,2022-05-01,Bronze,M
2798,Hina Qureshi,user2798@example.com,2023-07-15,Bronze,F
2799,Sara Akram,user2799@example.com,2023-03-08,Bronze,F
2800,Zara Khan,user2800@example.com,2023-12-12,Bronze,F
2801,Hina Khan,user2801@example.com,2023-03-29,Bronze,M
2802,Ali Hussain,user2802@example.com,2023-07-31,Bronze,M
2803,Bilal Hussain,user2803@example.com,2024-01-25,Bronze,F
2804,Fatima Raza,user2804@example.com,2022-06-29,Silver,F
2805,Sara Shah,user2805@example.com,2022-03-04,Bronze,M
2806,Zara Ali,user2806@example.com,2024-01-22,Silver,F
2807,Omar Raza,user2807@example.com,2022-04-19,Gold,F
2808,Zara Shah,user2808@example.com,2024-10-30,Bronze,F
2809,Amir Shah,user2809@example.com,2022-09-24,Silver,M
2810,Hassan Akram,user2810@example.com,2024-01-27,Bronze,M
2811,Bilal Qureshi,user2811@example.com,2022-08-30,Bronze,M
2812,Bilal Ali,user2812@example.com,2023-01-23,Gold,M
2813,Omar Ali,user2813@example.com,2023-01-02,Platinum,F
2814,Ahmed Akram,user2814@example.com,2024-11-25,Silver,M
2815,Ahmed Qureshi,user2815@example.com,2022-01-20,Bronze,M
2816,Ahmed Shah,user2816@example.com,2024-07-15,Silver,M
2817,Zain Ali,user2817@example.com,2024-06-04,Bronze,M
2818,Bilal Akram,user2818@example.com,2022-03-28,Silver,F
2819,Ahmed Khan,user2819@example.com,2024-08-18,Bronze,M
2820,Hina Farooq,user2820@example.com,2024-08-03,Bronze,M
2821,Ahmed Akram,user2821@example.com,2022-10-03,Silver,M
2822,Fatima Ali,user2822@example.com,2024-01-09,Silver,F
2823,Ahmed Hussain,user2823@example.com,2023-12-25,Silver,M
2824,Hina Farooq,user2824@example.com,2022-12-06,Silver,F
2825,Bilal Hussain,user2825@example.com,2024-09-29,Bronze,M
2826,Hassan Farooq,user2826@example.com,2024-08-07,Gold,M
2827,Zara Raza,user2827@example.com,2024-06-12,Gold,M
2828,Hassan Khan,user2828@example.com,2024-06-09,Bronze,F
2829,Fatima Raza,user2829@example.com,2022-12-02,Platinum,M
2830,Sara Khan,user2830@example.com,2022-11-13,Silver,F
2831,Hassan Akram,user2831@example.com,2024-10-01,Bronze,M
2832,Hassan Farooq,user2832@example.com,2023-06-26,Bronze,M
2833,Omar Raza,user2833@example.com,2022-11-26,Bronze,M
2834,Sara Raza,user2834@example.com,2023-11-16,Silver,F
2835,Sara Akram,user2835@example.com,2023-11-16,Bronze,M
2836,Zain Akram,user2836@example.com,2022-12-16,Bronze,F
2837,Hassan Khan,user2837@example.com,2024-09-10,Bronze,F
2838,Bilal Khan,user2838@example.com,2023-02-09,Bronze,F
2839,Amir Shah,user2839@example.com,2023-01-30,Bronze,F
2840,Zara Shah,user2840@example.com,2024-03-12,Bronze,M
2841,Ali Hussain,user2841@example.com,2024-08-20,Bronze,F
2842,Amir Shah,user2842@example.com,2024-08-22,Gold,M
2843,Omar Hussain,user2843@example.com,2024-10-20,Bronze,M
2844,Omar Hussain,user2844@example.com,2023-05-19,Bronze,M
2845,Hassan Qureshi,user2845@example.com,2022-05-17,Bronze,F
2846,Zain Hussain,user2846@example.com,2022-08-31,Bronze,M
2847,Hina Hussain,user2847@example.com,2023-02-12,Silver,M
2848,Aisha Ali,user2848@example.com,2022-06-08,Bronze,M
2849,Amir Ali,user2849@example.com,2024-12-16,Bronze,M
2850,Fatima Qureshi,user2850@example.com,2024-04-07,Silver,M
2851,Aisha Shah,user2851@example.com,2022-02-11,Bronze,M
2852,Ali Khan,user2852@example.com,2024-02-29,Gold,M
2853,Hina Shah,user2853@example.com,2023-08-21,Bronze,F
2854,Hina Shah,user2854@example.com,2024-10-08,Bronze,F
2855,Bilal Akram,user2855@example.com,2024-10-10,Gold,F
2856,Aisha Akram,user2856@example.com,2024-12-28,Bronze,F
2857,Hina Ali,user2857@example.com,2024-05-24,Bronze,M
2858,Zara Akram,user2858@example.com,2022-08-11,Silver,M
2859,Hassan Khan,user2859@example.com,2022-11-25,Bronze,F
2860,Hina Qureshi,user2860@example.com,2023-06-10,Bronze,M
2861,Hina Ali,user2861@example.com,2023-04-11,Bronze,F
2862,Amir Qureshi,user2862@example.com,2023-05-07,Bronze,M
2863,Ali Akram,user2863@example.com,2023-11-22,Gold,M
2864,Sara Ali,user2864@example.com,2023-01-06,Silver,F
2865,Zara Raza,user2865@example.com,2024-12-02,Silver,M
2866,Ali Farooq,user2866@example.com,2023-11-24,Silver,F
2867,Omar Raza,user2867@example.com,2023-06-08,Silver,M
2868,Hina Raza,user2868@example.com,2022-06-12,Silver,M
2869,Zain Farooq,user2869@example.com,2024-11-21,Silver,F
2870,Bilal Akram,user2870@example.com,2024-09-28,Bronze,F
2871,Ahmed Akram,user2871@example.com,2023-08-08,Bronze,M
2872,Hina Ali,user2872@example.com,2022-08-08,Bronze,M
2873,Zara Ali,user2873@example.com,2022-05-16,Bronze,M
2874,Aisha Shah,user2874@example.com,2024-12-02,Bronze,F
2875,Zara Akram,user2875@example.com,2023-07-30,Bronze,M
2876,Amir Farooq,user2876@example.com,2023-02-19,Bronze,F
2877,Zara Hussain,user2877@example.com,2023-01-04,Bronze,M
2878,Bilal Khan,user2878@example.com,2024-08-14,Bronze,F
2879,Omar Khan,user2879@example.com,2024-11-20,Gold,F
2880,Ahmed Khan,user2880@example.com,2022-12-10,Bronze,M
2881,Fatima Ali,user2881@example.com,2022-04-15,Bronze,M
2882,Ahmed Farooq,user2882@example.com,2023-05-19,Platinum,M
2883,Zara Qureshi,user2883@example.com,2024-10-26,Bronze,F
2884,Ali Khan,user2884@example.com,2024-05-27,Bronze,M
2885,Fatima Shah,user2885@example.com,2024-08-21,Bronze,M
2886,Ali Akram,user2886@example.com,2023-11-06,Bronze,F
2887,Ali Raza,user2887@example.com,2022-11-04,Silver,F
2888,Ahmed Qureshi,user2888@example.com,2024-02-08,Bronze,F
2889,Hassan Raza,user2889@example.com,2022-05-04,Bronze,F
2890,Sara Khan,user2890@example.com,2023-10-19,Bronze,F
2891,Ali Hussain,user2891@example.com,2024-10-23,Bronze,M
2892,Zara Raza,user2892@example.com,2023-05-13,Bronze,F
2893,Fatima Farooq,user2893@example.com,2023-12-26,Bronze,M
2894,Hassan Akram,user2894@example.com,2023-12-09,Bronze,M
2895,Ali Hussain,user2895@example.com,2023-03-23,Platinum,M
2896,Bilal Ali,user2896@example.com,2024-12-08,Bronze,F
2897,Fatima Khan,user2897@example.com,2024-08-30,Platinum,F
2898,Zara Hussain,user2898@example.com,2023-12-12,Bronze,M
2899,Ali Qureshi,user2899@example.com,2023-06-13,Silver,M
2900,Hina Shah,user2900@example.com,2022-08-03,Bronze,F
2901,Zara Shah,user2901@example.com,2023-09-08,Silver,M
2902,Sara Khan,user2902@example.com,2023-12-02,Bronze,M
2903,Hassan Shah,user2903@example.com,2023-07-18,Bronze,M
2904,Zain Qureshi,user2904@example.com,2024-11-12,Bronze,M
2905,Bilal Khan,user2905@example.com,2024-10-02,Silver,M
2906,Zain Akram,user2906@example.com,2024-08-16,Bronze,F
2907,Aisha Shah,user2907@example.com,2024-05-26,Bronze,M
2908,Aisha Akram,user2908@example.com,2024-04-14,Silver,F
2909,Bilal Shah,user2909@example.com,2024-12-08,Bronze,M
2910,Aisha Qureshi,user2910@example.com,2024-12-31,Bronze,F
2911,Hassan Farooq,user2911@example.com,2024-02-25,Bronze,M
2912,Zara Farooq,user2912@example.com,2022-04-23,Bronze,M
2913,Zain Farooq,user2913@example.com,2023-03-03,Bronze,F
2914,Ahmed Shah,user2914@example.com,2023-09-19,Bronze,F
2915,Hina Raza,user2915@example.com,2022-01-31,Silver,F
2916,Omar Khan,user2916@example.com,2023-11-04,Bronze,F
2917,Hassan Khan,user2917@example.com,2022-07-31,Silver,M
2918,Ahmed Qureshi,user2918@example.com,2022-04-08,Gold,F
2919,Omar Ali,user2919@example.com,2022-09-30,Bronze,M
2920,Ahmed Qureshi,user2920@example.com,2022-01-19,Bronze,F
2921,Ahmed Farooq,user2921@example.com,2023-02-16,Platinum,M
2922,Ahmed Akram,user2922@example.com,2023-11-21,Gold,M
2923,Sara Ali,user2923@example.com,2024-11-10,Gold,M
2924,Amir Qureshi,user2924@example.com,2023-01-24,Gold,F
2925,Amir Qureshi,user2925@example.com,2023-12-13,Gold,F
2926,Bilal Khan,user2926@example.com,2023-10-12,Bronze,F
2927,Amir Hussain,user2927@example.com,2024-12-19,Bronze,M
2928,Zain Farooq,user2928@example.com,2023-05-17,Silver,F
2929,Fatima Akram,user2929@example.com,2024-03-30,Bronze,M
2930,Zara Akram,user2930@example.com,2024-11-13,Bronze,F
2931,Fatima Farooq,user2931@example.com,2022-06-27,Bronze,M
2932,Hina Hussain,user2932@example.com,2024-06-19,Bronze,M
2933,Zain Akram,user2933@example.com,2023-04-05,Bronze,F
2934,Bilal Khan,user2934@example.com,2022-02-20,Bronze,M
2935,Hina Hussain,user2935@example.com,2022-07-24,Bronze,F
2936,Hassan Akram,user2936@example.com,2024-05-25,Bronze,M
2937,Hina Khan,user2937@example.com,2023-02-11,Bronze,F
2938,Hassan Qureshi,user2938@example.com,2023-02-08,Bronze,M
2939,Aisha Shah,user2939@example.com,2024-10-17,Gold,F
2940,Omar Shah,user2940@example.com,2023-04-22,Silver,M
2941,Zain Shah,user2941@example.com,2024-01-31,Bronze,M
2942,Ahmed Hussain,user2942@example.com,2024-11-09,Bronze,M
2943,Omar Farooq,user2943@example.com,2022-11-09,Bronze,M
2944,Amir Shah,user2944@example.com,2024-05-08,Silver,M
2945,Ali Akram,user2945@example.com,2022-09-14,Gold,F
2946,Sara Akram,user2946@example.com,2023-08-12,Bronze,F
2947,Ahmed Hussain,user2947@example.com,2023-02-08,Bronze,M
2948,Amir Shah,user2948@example.com,2022-04-22,Silver,F
2949,Hina Khan,user2949@example.com,2022-05-23,Bronze,F
2950,Bilal Raza,user2950@example.com,2023-07-07,Silver,F
2951,Zain Farooq,user2951@example.com,2023-02-08,Platinum,F
2952,Amir Ali,user2952@example.com,2022-04-17,Bronze,F
2953,Zara Shah,user2953@example.com,2023-07-10,Bronze,F
2954,Fatima Khan,user2954@example.com,2023-07-21,Bronze,M
2955,Zain Farooq,user2955@example.com,2024-05-12,Bronze,F
2956,Hassan Akram,user2956@example.com,2022-05-26,Silver,F
2957,Fatima Hussain,user2957@example.com,2022-09-22,Platinum,F
2958,Hassan Akram,user2958@example.com,2023-03-23,Bronze,F
2959,Zain Ali,user2959@example.com,2022-05-08,Bronze,F
2960,Hina Hussain,user2960@example.com,2023-08-02,Bronze,M
2961,Bilal Akram,user2961@example.com,2024-12-19,Bronze,F
2962,Omar Shah,user2962@example.com,2024-03-26,Bronze,M
2963,Hina Qureshi,user2963@example.com,2022-08-21,Bronze,F
2964,Zain Hussain,user2964@example.com,2022-01-28,Bronze,M
2965,Hina Khan,user2965@example.com,2024-05-05,Gold,M
2966,Ahmed Ali,user2966@example.com,2022-12-28,Silver,M
2967,Fatima Akram,user2967@example.com,2022-09-07,Bronze,M
2968,Zara Shah,user2968@example.com,2022-05-11,Bronze,F
2969,Zain Khan,user2969@example.com,2024-01-02,Bronze,F
2970,Zara Akram,user2970@example.com,2022-12-21,Gold,F
2971,Omar Raza,user2971@example.com,2022-06-17,Platinum,M
2972,Sara Ali,user2972@example.com,2024-08-07,Silver,M
2973,Amir Khan,user2973@example.com,2023-09-06,Gold,F
2974,Ali Khan,user2974@example.com,2023-06-10,Bronze,M
2975,Hina Khan,user2975@example.com,2022-05-18,Bronze,M
2976,Sara Ali,user2976@example.com,2023-11-11,Silver,F
2977,Fatima Ali,user2977@example.com,2022-12-21,Bronze,F
2978,Ali Shah,user2978@example.com,2022-05-20,Bronze,F
2979,Amir Qureshi,user2979@example.com,2024-09-16,Bronze,M
2980,Ali Shah,user2980@example.com,2023-08-03,Gold,M
2981,Zara Raza,user2981@example.com,2024-04-19,Platinum,M
2982,Fatima Qureshi,user2982@example.com,2023-05-25,Silver,M
2983,Ahmed Qureshi,user2983@example.com,2022-09-07,Silver,F
2984,Ali Qureshi,user2984@example.com,2024-09-01,Silver,M
2985,Ali Farooq,user2985@example.com,2023-01-29,Bronze,M
2986,Zain Qureshi,user2986@example.com,2022-02-21,Silver,F
2987,Zain Qureshi,user2987@example.com,2022-01-07,Bronze,M
2988,Amir Ali,user2988@example.com,2024-11-02,Bronze,F
2989,Aisha Raza,user2989@example.com,2022-02-26,Bronze,F
2990,Hassan Hussain,user2990@example.com,2022-10-02,Bronze,F
2991,Zain Shah,user2991@example.com,2023-06-18,Bronze,F
2992,Hassan Raza,user2992@example.com,2022-02-07,Platinum,M
2993,Zara Khan,user2993@example.com,2023-03-24,Bronze,F
2994,Ali Khan,user2994@example.com,2024-02-23,Platinum,M
2995,Aisha Hussain,user2995@example.com,2022-10-20,Bronze,F
2996,Sara Shah,user2996@example.com,2024-02-08,Bronze,M
2997,Aisha Akram,user2997@example.com,2023-07-21,Gold,M
2998,Zara Khan,user2998@example.com,2024-06-23,Bronze,F
2999,Zain Ali,user2999@example.com,2022-06-11,Bronze,M
3000,Zain Ali,user3000@example.com,2024-02-22,Bronze,M
3001,Hina Ali,user3001@example.com,2022-05-18,Gold,M
3002,Hina Hussain,user3002@example.com,2023-08-03,Bronze,M
3003,Ahmed Farooq,user3003@example.com,2024-03-20,Silver,M
3004,Amir Ali,user3004@example.com,2024-01-10,Platinum,F
3005,Omar Raza,user3005@example.com,2024-09-05,Bronze,M
3006,Ahmed Qureshi,user3006@example.com,2022-08-19,Bronze,M
3007,Ali Shah,user3007@example.com,2024-05-08,Bronze,M
3008,Fatima Qureshi,user3008@example.com,2024-01-17,Bronze,M
3009,Bilal Farooq,user3009@example.com,2024-08-09,Bronze,M
3010,Aisha Hussain,user3010@example.com,2022-08-14,Silver,F
3011,Aisha Hussain,user3011@example.com,2024-03-21,Silver,F
3012,Bilal Ali,user3012@example.com,2022-03-29,Bronze,F
3013,Zara Ali,user3013@example.com,2024-03-28,Silver,M
3014,Zain Hussain,user3014@example.com,2024-10-09,Bronze,F
3015,Hassan Akram,user3015@example.com,2024-11-03,Silver,M
3016,Aisha Khan,user3016@example.com,2024-09-08,Bronze,F
3017,Aisha Qureshi,user3017@example.com,2023-01-10,Bronze,M
3018,Hina Khan,user3018@example.com,2023-09-24,Bronze,M
3019,Omar Khan,user3019@example.com,2023-08-21,Gold,M
3020,Zain Shah,user3020@example.com,2024-01-04,Gold,F
3021,Sara Raza,user3021@example.com,2022-09-10,Silver,F
3022,Hassan Akram,user3022@example.com,2024-12-24,Bronze,M
3023,Ahmed Khan,user3023@example.com,2022-09-04,Bronze,F
3024,Omar Ali,user3024@example.com,2024-03-19,Silver,F
3025,Amir Akram,user3025@example.com,2024-12-26,Bronze,F
3026,Hina Shah,user3026@example.com,2022-10-28,Bronze,M
3027,Ali Khan,user3027@example.com,2024-10-01,Gold,F
3028,Omar Ali,user3028@example.com,2023-06-02,Bronze,F
3029,Zain Qureshi,user3029@example.com,2022-01-08,Platinum,F
3030,Aisha Ali,user3030@example.com,2024-12-08,Bronze,M
3031,Ahmed Raza,user3031@example.com,2024-05-08,Gold,F
3032,Omar Shah,user3032@example.com,2024-02-12,Platinum,F
3033,Ahmed Hussain,user3033@example.com,2023-06-24,Gold,M
3034,Hina Raza,user3034@example.com,2024-01-12,Bronze,F
3035,Fatima Raza,user3035@example.com,2023-05-29,Bronze,F
3036,Hina Ali,user3036@example.com,2023-06-11,Silver,M
3037,Zain Raza,user3037@example.com,2022-03-05,Bronze,F
3038,Amir Shah,user3038@example.com,2024-02-02,Bronze,M
3039,Sara Akram,user3039@example.com,2023-05-11,Silver,F
3040,Ahmed Ali,user3040@example.com,2022-12-17,Bronze,M
3041,Ali Akram,user3041@example.com,2023-01-28,Bronze,M
3042,Fatima Khan,user3042@example.com,2024-06-24,Bronze,M
3043,Bilal Akram,user3043@example.com,2024-04-12,Bronze,M
3044,Ali Farooq,user3044@example.com,2024-11-27,Bronze,F
3045,Hassan Ali,user3045@example.com,2024-01-20,Silver,F
3046,Hassan Shah,user3046@example.com,2022-10-20,Bronze,M
3047,Zara Raza,user3047@example.com,2024-09-12,Bronze,M
3048,Bilal Raza,user3048@example.com,2024-12-25,Bronze,F
3049,Ahmed Raza,user3049@example.com,2022-09-23,Bronze,F
3050,Omar Ali,user3050@example.com,2024-09-01,Bronze,M
3051,Zain Shah,user3051@example.com,2022-12-19,Bronze,M
3052,Zain Shah,user3052@example.com,2023-12-03,Bronze,M
3053,Amir Raza,user3053@example.com,2024-08-15,Bronze,F
3054,Hassan Ali,user3054@example.com,2022-05-23,Silver,M
3055,Fatima Akram,user3055@example.com,2024-10-16,Gold,M
3056,Ahmed Farooq,user3056@example.com,2023-11-03,Bronze,M
3057,Hina Hussain,user3057@example.com,2024-04-16,Bronze,F
3058,Hassan Farooq,user3058@example.com,2022-01-17,Bronze,M
3059,Sara Khan,user3059@example.com,2023-11-05,Bronze,M
3060,Bilal Khan,user3060@example.com,2024-03-02,Bronze,M
3061,Bilal Akram,user3061@example.com,2023-06-02,Bronze,F
3062,Aisha Ali,user3062@example.com,2023-08-13,Bronze,M
3063,Aisha Shah,user3063@example.com,2022-07-11,Bronze,F
3064,Hassan Ali,user3064@example.com,2024-12-22,Silver,F
3065,Sara Khan,user3065@example.com,2024-06-29,Silver,M
3066,Fatima Khan,user3066@example.com,2022-11-20,Silver,F
3067,Ahmed Ali,user3067@example.com,2022-09-11,Silver,M
3068,Bilal Shah,user3068@example.com,2022-02-05,Gold,F
3069,Hassan Farooq,user3069@example.com,2022-04-08,Gold,F
3070,Bilal Qureshi,user3070@example.com,2022-03-21,Bronze,M
3071,Amir Raza,user3071@example.com,2023-02-27,Gold,F
3072,Aisha Qureshi,user3072@example.com,2023-06-15,Bronze,F
3073,Sara Khan,user3073@example.com,2023-05-26,Bronze,M
3074,Hassan Khan,user3074@example.com,2023-02-06,Bronze,M
3075,Fatima Ali,user3075@example.com,2023-05-21,Bronze,F
3076,Ahmed Hussain,user3076@example.com,2022-09-14,Silver,F
3077,Sara Raza,user3077@example.com,2024-12-07,Bronze,F
3078,Aisha Ali,user3078@example.com,2024-12-15,Bronze,F
3079,Ali Farooq,user3079@example.com,2022-10-10,Bronze,M
3080,Aisha Akram,user3080@example.com,2024-06-06,Bronze,F
3081,Zain Raza,user3081@example.com,2022-12-30,Bronze,M
3082,Ahmed Farooq,user3082@example.com,2022-07-03,Bronze,F
3083,Bilal Ali,user3083@example.com,2023-05-18,Gold,M
3084,Fatima Akram,user3084@example.com,2023-09-27,Bronze,M
3085,Ahmed Akram,user3085@example.com,2022-12-24,Silver,M
3086,Ahmed Akram,user3086@example.com,2024-09-04,Bronze,M
3087,Omar Khan,user3087@example.com,2024-01-22,Bronze,M
3088,Bilal Hussain,user3088@example.com,2022-11-14,Platinum,M
3089,Ali Khan,user3089@example.com,2024-07-04,Bronze,F
3090,Sara Raza,user3090@example.com,2024-05-10,Bronze,M
3091,Omar Shah,user3091@example.com,2023-12-04,Silver,F
3092,Hassan Hussain,user3092@example.com,2023-03-26,Bronze,F
3093,Hina Raza,user3093@example.com,2024-04-06,Platinum,F
3094,Bilal Khan,user3094@example.com,2024-09-26,Bronze,M
3095,Zain Farooq,user3095@example.com,2022-05-03,Gold,F
3096,Amir Farooq,user3096@example.com,2023-10-09,Bronze,M
3097,Hina Qureshi,user3097@example.com,2024-01-22,Gold,M
3098,Omar Hussain,user3098@example.com,2024-05-12,Silver,F
3099,Sara Raza,user3099@example.com,2023-03-23,Silver,M
3100,Hassan Hussain,user3100@example.com,2023-10-31,Bronze,M
3101,Zara Akram,user3101@example.com,2024-12-19,Silver,F
3102,Aisha Ali,user3102@example.com,2023-07-15,Silver,M
3103,Hassan Ali,user3103@example.com,2024-08-02,Bronze,F
3104,Sara Qureshi,user3104@example.com,2022-01-29,Silver,M
3105,Fatima Hussain,user3105@example.com,2024-09-29,Bronze,M
3106,Sara Shah,user3106@example.com,2023-04-03,Gold,M
3107,Fatima Khan,user3107@example.com,2023-06-04,Silver,F
3108,Omar Hussain,user3108@example.com,2024-07-01,Silver,F
3109,Amir Ali,user3109@example.com,2023-10-28,Bronze,F
3110,Ahmed Hussain,user3110@example.com,2022-10-22,Bronze,F
3111,Fatima Ali,user3111@example.com,2022-03-29,Platinum,M
3112,Amir Farooq,user3112@example.com,2024-02-08,Bronze,F
3113,Amir Ali,user3113@example.com,2023-01-17,Bronze,M
3114,Sara Hussain,user3114@example.com,2023-12-10,Gold,M
3115,Zain Farooq,user3115@example.com,2023-07-29,Bronze,F
3116,Zain Khan,user3116@example.com,2024-07-31,Silver,M
3117,Sara Shah,user3117@example.com,2023-09-13,Bronze,M
3118,Hina Hussain,user3118@example.com,2024-06-09,Gold,F
3119,Amir Khan,user3119@example.com,2022-09-02,Bronze,M
3120,Sara Raza,user3120@example.com,2024-03-24,Bronze,M
3121,Omar Qureshi,user3121@example.com,2023-07-27,Bronze,M
3122,Ali Shah,user3122@example.com,2022-10-28,Bronze,M
3123,Hina Ali,user3123@example.com,2023-03-03,Bronze,M
3124,Hassan Raza,user3124@example.com,2022-09-20,Bronze,F
3125,Hina Akram,user3125@example.com,2022-04-17,Bronze,M
3126,Aisha Shah,user3126@example.com,2022-02-12,Bronze,F
3127,Bilal Khan,user3127@example.com,2024-03-29,Bronze,M
3128,Ali Farooq,user3128@example.com,2023-05-04,Bronze,M
3129,Amir Shah,user3129@example.com,2024-11-20,Bronze,F
3130,Hassan Akram,user3130@example.com,2022-05-15,Bronze,M
3131,Ahmed Ali,user3131@example.com,2022-09-16,Silver,F
3132,Ahmed Raza,user3132@example.com,2024-11-06,Bronze,F
3133,Ali Ali,user3133@example.com,2024-03-13,Platinum,M
3134,Zain Ali,user3134@example.com,2023-07-16,Silver,M
3135,Ali Farooq,user3135@example.com,2024-09-23,Gold,F
3136,Ali Ali,user3136@example.com,2022-08-11,Bronze,F
3137,Ahmed Farooq,user3137@example.com,2023-06-11,Gold,F
3138,Sara Shah,user3138@example.com,2023-03-26,Bronze,F
3139,Zain Farooq,user3139@example.com,2022-05-06,Bronze,F
3140,Hassan Qureshi,user3140@example.com,2023-04-01,Gold,M
3141,Aisha Shah,user3141@example.com,2023-09-09,Bronze,M
3142,Bilal Akram,user3142@example.com,2023-10-12,Bronze,F
3143,Sara Khan,user3143@example.com,2023-02-24,Platinum,M
3144,Hina Ali,user3144@example.com,2023-01-15,Bronze,M
3145,Bilal Farooq,user3145@example.com,2022-12-22,Bronze,M
3146,Bilal Khan,user3146@example.com,2024-12-05,Bronze,F
3147,Zara Khan,user3147@example.com,2023-02-20,Bronze,F
3148,Bilal Akram,user3148@example.com,2022-03-20,Bronze,M
3149,Aisha Farooq,user3149@example.com,2024-06-14,Silver,M
3150,Aisha Khan,user3150@example.com,2024-04-18,Silver,M
3151,Omar Raza,user3151@example.com,2023-05-22,Bronze,M
3152,Hina Hussain,user3152@example.com,2024-04-09,Bronze,F
3153,Hassan Farooq,user3153@example.com,2024-10-12,Silver,M
3154,Hina Raza,user3154@example.com,2024-02-12,Bronze,F
3155,Zara Raza,user3155@example.com,2022-03-27,Bronze,M
3156,Zain Shah,user3156@example.com,2024-12-11,Bronze,M
3157,Hina Shah,user3157@example.com,2024-08-13,Bronze,M
3158,Fatima Qureshi,user3158@example.com,2022-01-05,Silver,M
3159,Ali Shah,user3159@example.com,2022-09-22,Bronze,F
3160,Amir Raza,user3160@example.com,2023-01-04,Silver,F
3161,Sara Ali,user3161@example.com,2023-02-21,Bronze,M
3162,Amir Qureshi,user3162@example.com,2024-07-02,Bronze,M
3163,Zara Ali,user3163@example.com,2022-08-04,Silver,M
3164,Hina Hussain,user3164@example.com,2022-09-15,Bronze,F
3165,Ahmed Hussain,user3165@example.com,2022-03-06,Silver,M
3166,Fatima Qureshi,user3166@example.com,2023-09-20,Bronze,M
3167,Zain Akram,user3167@example.com,2023-02-05,Silver,F
3168,Zain Hussain,user3168@example.com,2023-02-22,Bronze,M
3169,Amir Shah,user3169@example.com,2024-09-18,Platinum,F
3170,Bilal Akram,user3170@example.com,2023-11-02,Bronze,M
3171,Omar Farooq,user3171@example.com,2022-11-18,Platinum,F
3172,Aisha Qureshi,user3172@example.com,2022-08-23,Silver,M
3173,Omar Ali,user3173@example.com,2023-08-12,Bronze,M
3174,Zara Khan,user3174@example.com,2022-10-01,Gold,M
3175,Hina Ali,user3175@example.com,2023-01-07,Gold,F
3176,Aisha Hussain,user3176@example.com,2023-07-26,Bronze,F
3177,Hina Khan,user3177@example.com,2023-09-30,Bronze,M
3178,Hassan Khan,user3178@example.com,2022-02-11,Bronze,M
3179,Sara Khan,user3179@example.com,2023-09-08,Bronze,M
3180,Amir Akram,user3180@example.com,2023-02-03,Gold,F
3181,Hassan Ali,user3181@example.com,2022-08-08,Gold,M
3182,Sara Ali,user3182@example.com,2022-08-21,Silver,M
3183,Ali Raza,user3183@example.com,2023-08-13,Bronze,M
3184,Hina Raza,user3184@example.com,2023-12-13,Bronze,F
3185,Omar Farooq,user3185@example.com,2023-01-26,Bronze,M
3186,Aisha Raza,user3186@example.com,2023-08-27,Bronze,M
3187,Hassan Farooq,user3187@example.com,2023-12-08,Bronze,F
3188,Amir Khan,user3188@example.com,2022-01-10,Bronze,F
3189,Amir Hussain,user3189@example.com,2022-07-14,Silver,M
3190,Amir Khan,user3190@example.com,2023-04-07,Bronze,F
3191,Omar Akram,user3191@example.com,2023-10-23,Gold,F
3192,Zain Khan,user3192@example.com,2024-03-01,Gold,M
3193,Hina Ali,user3193@example.com,2023-03-06,Bronze,M
3194,Aisha Hussain,user3194@example.com,2023-07-27,Bronze,M
3195,Aisha Akram,user3195@example.com,2024-01-16,Bronze,F
3196,Amir Shah,user3196@example.com,2023-11-29,Bronze,M
3197,Omar Akram,user3197@example.com,2024-04-06,Bronze,M
3198,Ali Khan,user3198@example.com,2024-07-26,Bronze,F
3199,Zara Khan,user3199@example.com,2022-09-11,Bronze,F
3200,Zain Akram,user3200@example.com,2023-06-19,Silver,F
3201,Omar Raza,user3201@example.com,2022-02-02,Bronze,M
3202,Hassan Shah,user3202@example.com,2022-12-11,Bronze,F
3203,Zain Ali,user3203@example.com,2024-03-28,Gold,M
3204,Fatima Qureshi,user3204@example.com,2023-11-16,Gold,F
3205,Omar Farooq,user3205@example.com,2023-03-25,Bronze,M
3206,Bilal Farooq,user3206@example.com,2022-05-10,Silver,M
3207,Ali Farooq,user3207@example.com,2024-08-05,Bronze,M
3208,Aisha Ali,user3208@example.com,2024-11-19,Bronze,F
3209,Aisha Shah,user3209@example.com,2023-08-25,Bronze,M
3210,Sara Raza,user3210@example.com,2023-02-05,Bronze,M
3211,Hina Khan,user3211@example.com,2022-02-19,Bronze,M
3212,Aisha Hussain,user3212@example.com,2024-06-16,Silver,F
3213,Sara Akram,user3213@example.com,2023-01-25,Bronze,M
3214,Amir Hussain,user3214@example.com,2022-09-27,Bronze,M
3215,Hassan Akram,user3215@example.com,2022-10-07,Bronze,M
3216,Aisha Raza,user3216@example.com,2024-04-21,Bronze,F
3217,Ahmed Khan,user3217@example.com,2023-02-19,Bronze,F
3218,Sara Farooq,user3218@example.com,2023-05-02,Silver,M
3219,Hassan Raza,user3219@example.com,2024-06-18,Silver,M
3220,Ali Qureshi,user3220@example.com,2024-05-07,Bronze,M
3221,Zain Shah,user3221@example.com,2023-12-09,Silver,M
3222,Zara Khan,user3222@example.com,2023-08-10,Bronze,F
3223,Zara Raza,user3223@example.com,2023-10-17,Bronze,M
3224,Aisha Khan,user3224@example.com,2024-12-17,Bronze,F
3225,Omar Hussain,user3225@example.com,2022-12-20,Gold,M
3226,Sara Qureshi,user3226@example.com,2023-11-05,Silver,F
3227,Ahmed Hussain,user3227@example.com,2024-12-02,Bronze,M
3228,Hina Raza,user3228@example.com,2022-02-25,Silver,M
3229,Fatima Shah,user3229@example.com,2022-08-31,Platinum,M
3230,Omar Shah,user3230@example.com,2023-03-16,Bronze,F
3231,Sara Hussain,user3231@example.com,2023-09-07,Bronze,M
3232,Fatima Akram,user3232@example.com,2022-10-03,Silver,M
3233,Ali Ali,user3233@example.com,2022-10-09,Bronze,F
3234,Zara Hussain,user3234@example.com,2024-05-17,Silver,F
3235,Hina Farooq,user3235@example.com,2023-06-13,Bronze,F
3236,Amir Shah,user3236@example.com,2022-04-24,Bronze,F
3237,Omar Shah,user3237@example.com,2024-04-02,Platinum,M
3238,Omar Akram,user3238@example.com,2024-07-30,Bronze,M
3239,Aisha Hussain,user3239@example.com,2023-02-08,Bronze,M
3240,Ali Raza,user3240@example.com,2022-05-03,Bronze,M
3241,Zara Farooq,user3241@example.com,2023-06-30,Bronze,M
3242,Zain Qureshi,user3242@example.com,2024-07-05,Silver,M
3243,Ahmed Shah,user3243@example.com,2023-10-11,Platinum,F
3244,Amir Hussain,user3244@example.com,2024-11-29,Gold,M
3245,Sara Farooq,user3245@example.com,2022-06-25,Gold,M
3246,Hina Farooq,user3246@example.com,2024-04-05,Silver,M
3247,Amir Khan,user3247@example.com,2022-08-15,Gold,M
3248,Hina Akram,user3248@example.com,2022-08-31,Bronze,M
3249,Zain Akram,user3249@example.com,2024-06-24,Bronze,M
3250,Fatima Qureshi,user3250@example.com,2022-12-09,Gold,M
3251,Ali Qureshi,user3251@example.com,2022-04-25,Bronze,F
3252,Zara Raza,user3252@example.com,2022-06-28,Bronze,M
3253,Bilal Shah,user3253@example.com,2023-02-01,Bronze,M
3254,Ali Akram,user3254@example.com,2024-05-28,Bronze,F
3255,Omar Khan,user3255@example.com,2022-01-01,Bronze,F
3256,Ahmed Qureshi,user3256@example.com,2024-02-02,Bronze,F
3257,Fatima Khan,user3257@example.com,2024-09-30,Silver,M
3258,Fatima Farooq,user3258@example.com,2024-06-28,Bronze,M
3259,Ali Raza,user3259@example.com,2024-12-26,Bronze,F
3260,Zara Hussain,user3260@example.com,2023-07-23,Bronze,M
3261,Hina Hussain,user3261@example.com,2024-08-25,Silver,F
3262,Bilal Khan,user3262@example.com,2023-07-14,Bronze,F
3263,Fatima Hussain,user3263@example.com,2022-12-06,Gold,F
3264,Amir Qureshi,user3264@example.com,2022-04-26,Bronze,F
3265,Sara Farooq,user3265@example.com,2022-05-06,Bronze,F
3266,Hina Shah,user3266@example.com,2024-09-17,Bronze,F
3267,Bilal Farooq,user3267@example.com,2023-09-25,Gold,F
3268,Fatima Shah,user3268@example.com,2024-07-17,Bronze,M
3269,Sara Farooq,user3269@example.com,2022-10-31,Silver,F
3270,Sara Qureshi,user3270@example.com,2024-10-30,Bronze,M
3271,Sara Qureshi,user3271@example.com,2022-01-18,Bronze,M
3272,Zara Hussain,user3272@example.com,2022-09-05,Bronze,F
3273,Bilal Akram,user3273@example.com,2024-05-02,Bronze,M
3274,Omar Hussain,user3274@example.com,2023-03-09,Silver,F
3275,Zain Farooq,user3275@example.com,2023-05-20,Bronze,F
3276,Bilal Raza,user3276@example.com,2023-11-03,Gold,F
3277,Hina Raza,user3277@example.com,2023-11-29,Silver,F
3278,Zara Hussain,user3278@example.com,2024-07-04,Bronze,M
3279,Aisha Farooq,user3279@example.com,2022-09-20,Bronze,M
3280,Omar Farooq,user3280@example.com,2022-01-11,Gold,M
3281,Aisha Shah,user3281@example.com,2024-03-18,Bronze,F
3282,Fatima Akram,user3282@example.com,2022-07-18,Silver,M
3283,Bilal Qureshi,user3283@example.com,2023-07-06,Bronze,F
3284,Sara Raza,user3284@example.com,2022-03-06,Gold,F
3285,Bilal Ali,user3285@example.com,2022-07-29,Bronze,M
3286,Bilal Khan,user3286@example.com,2023-05-15,Silver,M
3287,Hassan Hussain,user3287@example.com,2022-10-28,Silver,F
3288,Amir Farooq,user3288@example.com,2023-06-11,Silver,M
3289,Hassan Farooq,user3289@example.com,2022-03-02,Bronze,M
3290,Zain Akram,user3290@example.com,2022-08-04,Bronze,F
3291,Zain Farooq,user3291@example.com,2023-12-17,Bronze,F
3292,Omar Ali,user3292@example.com,2024-01-17,Silver,M
3293,Ahmed Hussain,user3293@example.com,2023-10-27,Silver,F
3294,Sara Farooq,user3294@example.com,2023-01-19,Silver,M
3295,Hassan Hussain,user3295@example.com,2024-04-27,Silver,F
3296,Aisha Shah,user3296@example.com,2022-02-01,Bronze,F
3297,Zara Farooq,user3297@example.com,2022-09-25,Bronze,M
3298,Omar Akram,user3298@example.com,2022-03-23,Silver,F
3299,Ahmed Khan,user3299@example.com,2022-11-23,Gold,F
3300,Hassan Raza,user3300@example.com,2022-06-06,Gold,F
3301,Zain Shah,user3301@example.com,2023-08-18,Platinum,M
3302,Zain Akram,user3302@example.com,2024-02-10,Bronze,F
3303,Hassan Farooq,user3303@example.com,2023-12-01,Bronze,M
3304,Ahmed Qureshi,user3304@example.com,2024-10-06,Bronze,F
3305,Hassan Hussain,user3305@example.com,2022-10-08,Bronze,M
3306,Bilal Qureshi,user3306@example.com,2024-05-19,Bronze,M
3307,Omar Raza,user3307@example.com,2024-09-11,Silver,M
3308,Fatima Ali,user3308@example.com,2022-07-03,Bronze,M
3309,Omar Raza,user3309@example.com,2022-01-08,Gold,F
3310,Hina Hussain,user3310@example.com,2024-07-01,Silver,F
3311,Zara Shah,user3311@example.com,2023-07-07,Bronze,M
3312,Sara Ali,user3312@example.com,2024-05-09,Bronze,M
3313,Hassan Qureshi,user3313@example.com,2023-09-20,Bronze,F
3314,Bilal Hussain,user3314@example.com,2022-02-13,Bronze,M
3315,Zain Akram,user3315@example.com,2024-08-14,Bronze,M
3316,Zara Hussain,user3316@example.com,2022-12-07,Platinum,M
3317,Ali Hussain,user3317@example.com,2023-03-25,Silver,M
3318,Hassan Shah,user3318@example.com,2024-03-25,Bronze,M
3319,Zain Ali,user3319@example.com,2023-12-21,Bronze,F
3320,Zara Shah,user3320@example.com,2023-10-10,Silver,M
3321,Ali Ali,user3321@example.com,2022-04-19,Silver,F
3322,Amir Ali,user3322@example.com,2022-02-13,Bronze,M
3323,Zain Qureshi,user3323@example.com,2023-09-25,Bronze,F
3324,Amir Khan,user3324@example.com,2022-11-16,Bronze,M
3325,Bilal Hussain,user3325@example.com,2023-05-04,Silver,M
3326,Bilal Qureshi,user3326@example.com,2023-03-28,Silver,M
3327,Zain Farooq,user3327@example.com,2023-01-27,Bronze,M
3328,Zara Ali,user3328@example.com,2022-10-01,Bronze,M
3329,Zara Farooq,user3329@example.com,2023-04-29,Bronze,F
3330,Amir Khan,user3330@example.com,2022-04-24,Silver,F
3331,Hina Ali,user3331@example.com,2023-01-10,Bronze,M
3332,Hina Akram,user3332@example.com,2024-07-05,Bronze,M
3333,Hina Hussain,user3333@example.com,2022-08-13,Bronze,M
3334,Ali Hussain,user3334@example.com,2022-03-05,Bronze,M
3335,Fatima Farooq,user3335@example.com,2023-01-03,Bronze,F
3336,Ahmed Akram,user3336@example.com,2024-12-19,Bronze,M
3337,Zara Ali,user3337@example.com,2023-04-09,Bronze,F
3338,Bilal Raza,user3338@example.com,2024-11-20,Bronze,M
3339,Ahmed Khan,user3339@example.com,2022-07-09,Silver,M
3340,Hassan Khan,user3340@example.com,2024-03-10,Bronze,F
3341,Hina Raza,user3341@example.com,2023-08-20,Silver,M
3342,Fatima Farooq,user3342@example.com,2023-09-11,Bronze,F
3343,Hassan Ali,user3343@example.com,2023-12-04,Silver,F
3344,Amir Shah,user3344@example.com,2022-07-19,Silver,M
3345,Hassan Qureshi,user3345@example.com,2024-02-23,Bronze,M
3346,Fatima Akram,user3346@example.com,2024-10-01,Silver,F
3347,Sara Farooq,user3347@example.com,2023-06-11,Platinum,F
3348,Ali Hussain,user3348@example.com,2024-12-03,Bronze,M
3349,Amir Ali,user3349@example.com,2024-07-17,Bronze,F
3350,Ahmed Ali,user3350@example.com,2023-06-24,Bronze,F
3351,Amir Ali,user3351@example.com,2023-04-09,Bronze,F
3352,Sara Akram,user3352@example.com,2023-01-20,Gold,M
3353,Amir Ali,user3353@example.com,2024-02-08,Bronze,F
3354,Fatima Farooq,user3354@example.com,2023-02-10,Silver,F
3355,Ahmed Farooq,user3355@example.com,2023-11-22,Bronze,M
3356,Bilal Hussain,user3356@example.com,2024-05-28,Silver,M
3357,Sara Farooq,user3357@example.com,2022-09-20,Bronze,F
3358,Amir Akram,user3358@example.com,2022-03-15,Bronze,M
3359,Hassan Khan,user3359@example.com,2022-07-12,Bronze,M
3360,Zara Ali,user3360@example.com,2022-10-27,Bronze,M
3361,Zara Qureshi,user3361@example.com,2024-09-15,Silver,F
3362,Ali Qureshi,user3362@example.com,2024-02-12,Silver,M
3363,Amir Ali,user3363@example.com,2023-10-27,Gold,F
3364,Omar Ali,user3364@example.com,2024-11-12,Gold,F
3365,Hassan Ali,user3365@example.com,2023-01-08,Bronze,F
3366,Fatima Farooq,user3366@example.com,2022-05-16,Bronze,M
3367,Zain Shah,user3367@example.com,2024-04-29,Gold,F
3368,Hassan Ali,user3368@example.com,2022-05-12,Bronze,M
3369,Hassan Shah,user3369@example.com,2024-03-18,Bronze,M
3370,Hina Khan,user3370@example.com,2024-01-14,Bronze,M
3371,Zain Qureshi,user3371@example.com,2024-04-08,Silver,F
3372,Fatima Raza,user3372@example.com,2023-03-17,Bronze,F
3373,Zain Raza,user3373@example.com,2023-08-18,Bronze,M
3374,Ahmed Shah,user3374@example.com,2024-12-11,Gold,F
3375,Amir Farooq,user3375@example.com,2024-03-06,Silver,F
3376,Bilal Ali,user3376@example.com,2024-11-06,Bronze,F
3377,Ahmed Hussain,user3377@example.com,2024-11-13,Bronze,M
3378,Bilal Shah,user3378@example.com,2023-12-10,Bronze,M
3379,Bilal Farooq,user3379@example.com,2024-03-30,Silver,M
3380,Sara Raza,user3380@example.com,2022-10-26,Platinum,M
3381,Amir Farooq,user3381@example.com,2022-01-31,Platinum,F
3382,Ali Hussain,user3382@example.com,2024-07-12,Bronze,F
3383,Amir Farooq,user3383@example.com,2022-10-20,Bronze,M
3384,Hina Akram,user3384@example.com,2022-04-28,Bronze,M
3385,Ahmed Akram,user3385@example.com,2022-06-16,Gold,M
3386,Ahmed Hussain,user3386@example.com,2022-06-05,Bronze,F
3387,Bilal Qureshi,user3387@example.com,2024-03-31,Bronze,M
3388,Sara Ali,user3388@example.com,2022-11-08,Bronze,F
3389,Omar Raza,user3389@example.com,2024-09-03,Bronze,M
3390,Fatima Farooq,user3390@example.com,2024-02-06,Bronze,F
3391,Zara Farooq,user3391@example.com,2022-07-14,Bronze,M
3392,Hina Farooq,user3392@example.com,2022-09-30,Silver,M
3393,Hassan Ali,user3393@example.com,2022-11-06,Gold,M
3394,Aisha Hussain,user3394@example.com,2022-10-30,Bronze,F
3395,Ahmed Raza,user3395@example.com,2022-02-10,Gold,M
3396,Hassan Khan,user3396@example.com,2023-08-13,Bronze,F
3397,Ali Hussain,user3397@example.com,2022-10-05,Bronze,M
3398,Amir Ali,user3398@example.com,2024-01-18,Gold,F
3399,Aisha Farooq,user3399@example.com,2023-12-22,Bronze,M
3400,Zara Farooq,user3400@example.com,2024-03-18,Silver,M
3401,Amir Shah,user3401@example.com,2022-04-30,Bronze,M
3402,Hassan Akram,user3402@example.com,2023-01-28,Gold,M
3403,Amir Akram,user3403@example.com,2024-04-18,Bronze,F
3404,Omar Shah,user3404@example.com,2024-06-10,Bronze,F
3405,Bilal Ali,user3405@example.com,2023-06-14,Bronze,F
3406,Bilal Akram,user3406@example.com,2022-03-01,Bronze,M
3407,Zara Farooq,user3407@example.com,2022-06-17,Bronze,M
3408,Ali Akram,user3408@example.com,2023-01-01,Bronze,M
3409,Fatima Ali,user3409@example.com,2024-03-07,Bronze,F
3410,Ali Raza,user3410@example.com,2023-02-05,Bronze,F
3411,Bilal Qureshi,user3411@example.com,2022-09-03,Gold,F
3412,Hina Farooq,user3412@example.com,2022-10-04,Bronze,M
3413,Bilal Qureshi,user3413@example.com,2023-10-31,Bronze,F
3414,Ahmed Shah,user3414@example.com,2023-04-06,Silver,F
3415,Sara Raza,user3415@example.com,2023-02-04,Silver,M
3416,Ali Qureshi,user3416@example.com,2022-08-27,Silver,F
3417,Ali Khan,user3417@example.com,2022-07-16,Bronze,M
3418,Bilal Akram,user3418@example.com,2023-08-29,Bronze,F
3419,Hassan Shah,user3419@example.com,2023-06-20,Bronze,M
3420,Zain Shah,user3420@example.com,2023-04-05,Bronze,M
3421,Hina Qureshi,user3421@example.com,2024-02-22,Gold,F
3422,Hassan Raza,user3422@example.com,2023-12-28,Gold,F
3423,Amir Raza,user3423@example.com,2024-05-01,Platinum,M
3424,Hina Qureshi,user3424@example.com,2023-09-30,Bronze,F
3425,Bilal Raza,user3425@example.com,2022-01-13,Silver,F
3426,Fatima Shah,user3426@example.com,2024-11-10,Bronze,M
3427,Sara Khan,user3427@example.com,2022-03-17,Bronze,M
3428,Hina Farooq,user3428@example.com,2022-03-13,Gold,F
3429,Hina Akram,user3429@example.com,2024-03-21,Bronze,M
3430,Hassan Hussain,user3430@example.com,2022-10-18,Bronze,F
3431,Ahmed Qureshi,user3431@example.com,2023-05-26,Bronze,F
3432,Sara Akram,user3432@example.com,2024-04-09,Bronze,M
3433,Aisha Hussain,user3433@example.com,2022-08-02,Bronze,M
3434,Ali Hussain,user3434@example.com,2024-02-26,Platinum,M
3435,Sara Qureshi,user3435@example.com,2024-11-13,Bronze,F
3436,Fatima Khan,user3436@example.com,2024-11-30,Silver,M
3437,Ali Ali,user3437@example.com,2023-10-20,Bronze,M
3438,Ali Farooq,user3438@example.com,2024-12-01,Silver,M
3439,Zara Raza,user3439@example.com,2022-05-19,Bronze,F
3440,Fatima Khan,user3440@example.com,2022-09-21,Bronze,M
3441,Omar Hussain,user3441@example.com,2024-02-09,Bronze,F
3442,Amir Raza,user3442@example.com,2022-10-18,Bronze,M
3443,Ali Farooq,user3443@example.com,2023-01-10,Bronze,F
3444,Bilal Raza,user3444@example.com,2022-11-03,Gold,M
3445,Ahmed Akram,user3445@example.com,2023-05-29,Bronze,M
3446,Aisha Farooq,user3446@example.com,2022-10-01,Silver,F
3447,Ali Ali,user3447@example.com,2023-08-08,Bronze,F
3448,Sara Akram,user3448@example.com,2023-08-22,Bronze,F
3449,Fatima Ali,user3449@example.com,2022-12-25,Bronze,M
3450,Omar Raza,user3450@example.com,2023-07-07,Silver,M
3451,Hina Akram,user3451@example.com,2024-05-29,Gold,M
3452,Sara Qureshi,user3452@example.com,2024-08-23,Bronze,F
3453,Ahmed Qureshi,user3453@example.com,2024-07-07,Silver,M
3454,Hassan Raza,user3454@example.com,2022-12-13,Bronze,F
3455,Fatima Qureshi,user3455@example.com,2022-10-28,Bronze,F
3456,Amir Hussain,user3456@example.com,2023-03-26,Bronze,M
3457,Ali Shah,user3457@example.com,2023-10-13,Silver,F
3458,Aisha Akram,user3458@example.com,2024-07-30,Bronze,F
3459,Zain Raza,user3459@example.com,2022-11-21,Gold,M
3460,Hassan Raza,user3460@example.com,2024-10-30,Bronze,M
3461,Ali Akram,user3461@example.com,2023-07-01,Bronze,F
3462,Fatima Khan,user3462@example.com,2023-02-02,Platinum,M
3463,Fatima Raza,user3463@example.com,2024-12-13,Bronze,M
3464,Amir Shah,user3464@example.com,2024-02-09,Silver,F
3465,Ali Shah,user3465@example.com,2024-09-11,Bronze,F
3466,Ali Raza,user3466@example.com,2022-01-12,Silver,F
3467,Hassan Shah,user3467@example.com,2022-06-18,Gold,F
3468,Amir Hussain,user3468@example.com,2024-06-15,Bronze,M
3469,Hassan Shah,user3469@example.com,2022-12-31,Bronze,M
3470,Ahmed Raza,user3470@example.com,2022-01-18,Bronze,F
3471,Aisha Akram,user3471@example.com,2023-08-18,Bronze,F
3472,Omar Farooq,user3472@example.com,2022-06-13,Bronze,F
3473,Fatima Ali,user3473@example.com,2024-01-29,Bronze,M
3474,Hassan Farooq,user3474@example.com,2024-03-14,Bronze,M
3475,Bilal Hussain,user3475@example.com,2024-08-11,Bronze,F
3476,Fatima Farooq,user3476@example.com,2022-05-05,Silver,F
3477,Aisha Farooq,user3477@example.com,2022-05-04,Bronze,M
3478,Omar Khan,user3478@example.com,2023-12-29,Gold,M
3479,Zain Qureshi,user3479@example.com,2023-11-25,Bronze,M
3480,Zara Akram,user3480@example.com,2024-08-30,Silver,F
3481,Aisha Hussain,user3481@example.com,2024-10-20,Bronze,F
3482,Amir Raza,user3482@example.com,2024-04-11,Bronze,M
3483,Sara Ali,user3483@example.com,2024-02-27,Gold,F
3484,Omar Farooq,user3484@example.com,2023-08-25,Bronze,M
3485,Hina Shah,user3485@example.com,2023-06-12,Silver,F
3486,Aisha Hussain,user3486@example.com,2024-12-12,Bronze,F
3487,Hina Ali,user3487@example.com,2023-04-28,Bronze,F
3488,Hassan Raza,user3488@example.com,2023-11-16,Bronze,F
3489,Ali Farooq,user3489@example.com,2023-06-11,Bronze,M
3490,Sara Khan,user3490@example.com,2024-05-07,Platinum,M
3491,Sara Qureshi,user3491@example.com,2022-12-21,Bronze,M
3492,Ali Raza,user3492@example.com,2022-06-30,Platinum,F
3493,Zara Ali,user3493@example.com,2024-06-23,Bronze,M
3494,Hassan Shah,user3494@example.com,2023-08-19,Silver,F
3495,Omar Akram,user3495@example.com,2022-06-02,Bronze,F
3496,Bilal Shah,user3496@example.com,2022-10-02,Bronze,M
3497,Zain Farooq,user3497@example.com,2022-05-19,Silver,M
3498,Zain Khan,user3498@example.com,2022-06-05,Bronze,M
3499,Omar Ali,user3499@example.com,2022-05-29,Gold,F
3500,Zara Hussain,user3500@example.com,2023-01-30,Bronze,M
3501,Ali Raza,user3501@example.com,2024-04-09,Bronze,F
3502,Hina Khan,user3502@example.com,2023-03-14,Silver,F
3503,Sara Akram,user3503@example.com,2024-03-07,Bronze,F
3504,Zara Khan,user3504@example.com,2023-02-04,Silver,F
3505,Hassan Khan,user3505@example.com,2024-07-20,Silver,F
3506,Ahmed Ali,user3506@example.com,2024-05-24,Bronze,M
3507,Sara Hussain,user3507@example.com,2023-08-24,Bronze,F
3508,Omar Akram,user3508@example.com,2022-02-05,Bronze,M
3509,Aisha Ali,user3509@example.com,2022-08-29,Bronze,F
3510,Omar Akram,user3510@example.com,2023-11-12,Bronze,M
3511,Omar Khan,user3511@example.com,2024-08-06,Bronze,F
3512,Ahmed Shah,user3512@example.com,2024-06-30,Bronze,M
3513,Bilal Farooq,user3513@example.com,2022-02-07,Bronze,M
3514,Amir Shah,user3514@example.com,2024-10-09,Silver,M
3515,Hina Ali,user3515@example.com,2024-08-04,Silver,M
3516,Amir Shah,user3516@example.com,2023-05-17,Silver,F
3517,Zain Shah,user3517@example.com,2022-04-18,Gold,M
3518,Bilal Farooq,user3518@example.com,2024-03-14,Bronze,M
3519,Hina Hussain,user3519@example.com,2024-02-21,Bronze,F
3520,Hassan Shah,user3520@example.com,2023-11-22,Bronze,M
3521,Ahmed Qureshi,user3521@example.com,2024-04-26,Silver,F
3522,Ali Ali,user3522@example.com,2023-02-07,Silver,F
3523,Sara Hussain,user3523@example.com,2022-08-21,Silver,F
3524,Omar Hussain,user3524@example.com,2023-01-14,Silver,F
3525,Zain Qureshi,user3525@example.com,2022-06-25,Gold,M
3526,Hina Raza,user3526@example.com,2023-07-19,Bronze,F
3527,Sara Raza,user3527@example.com,2024-07-11,Bronze,F
3528,Aisha Shah,user3528@example.com,2022-06-04,Silver,M
3529,Zara Shah,user3529@example.com,2022-11-26,Silver,M
3530,Amir Farooq,user3530@example.com,2022-05-23,Bronze,M
3531,Zara Shah,user3531@example.com,2022-07-21,Gold,M
3532,Hina Qureshi,user3532@example.com,2022-09-16,Bronze,M
3533,Omar Ali,user3533@example.com,2024-12-09,Bronze,F
3534,Ali Ali,user3534@example.com,2023-04-06,Bronze,F
3535,Zara Akram,user3535@example.com,2023-03-04,Bronze,F
3536,Ali Khan,user3536@example.com,2022-03-08,Gold,M
3537,Hassan Khan,user3537@example.com,2023-12-22,Bronze,M
3538,Aisha Qureshi,user3538@example.com,2022-02-26,Bronze,F
3539,Bilal Shah,user3539@example.com,2023-07-14,Bronze,M
3540,Zara Raza,user3540@example.com,2024-12-26,Bronze,M
3541,Hina Ali,user3541@example.com,2022-06-17,Platinum,M
3542,Zain Farooq,user3542@example.com,2024-10-03,Bronze,M
3543,Amir Raza,user3543@example.com,2024-02-27,Bronze,F
3544,Fatima Akram,user3544@example.com,2024-11-12,Silver,F
3545,Amir Farooq,user3545@example.com,2024-05-12,Silver,F
3546,Fatima Raza,user3546@example.com,2023-11-23,Bronze,M
3547,Bilal Farooq,user3547@example.com,2022-03-15,Bronze,M
3548,Sara Shah,user3548@example.com,2022-12-14,Bronze,F
3549,Bilal Ali,user3549@example.com,2023-07-23,Bronze,M
3550,Omar Akram,user3550@example.com,2024-04-10,Gold,M
3551,Omar Farooq,user3551@example.com,2022-02-21,Bronze,M
3552,Hina Farooq,user3552@example.com,2024-06-11,Bronze,M
3553,Ali Farooq,user3553@example.com,2022-02-26,Bronze,F
3554,Amir Khan,user3554@example.com,2022-08-20,Silver,M
3555,Zara Khan,user3555@example.com,2022-04-28,Bronze,F
3556,Omar Farooq,user3556@example.com,2022-09-25,Bronze,M
3557,Hina Ali,user3557@example.com,2023-03-07,Bronze,F
3558,Omar Khan,user3558@example.com,2023-12-01,Silver,M
3559,Aisha Khan,user3559@example.com,2024-01-10,Bronze,M
3560,Aisha Akram,user3560@example.com,2022-03-27,Gold,F
3561,Omar Akram,user3561@example.com,2024-03-14,Bronze,F
3562,Hina Shah,user3562@example.com,2023-12-15,Bronze,M
3563,Sara Akram,user3563@example.com,2022-03-28,Silver,F
3564,Omar Shah,user3564@example.com,2023-12-04,Bronze,F
3565,Zain Farooq,user3565@example.com,2023-02-01,Silver,F
3566,Amir Khan,user3566@example.com,2024-08-13,Silver,F
3567,Sara Raza,user3567@example.com,2023-01-26,Gold,M
3568,Zain Ali,user3568@example.com,2023-07-20,Bronze,M
3569,Aisha Khan,user3569@example.com,2023-04-16,Bronze,M
3570,Fatima Farooq,user3570@example.com,2023-07-03,Bronze,F
3571,Hina Khan,user3571@example.com,2022-11-28,Bronze,F
3572,Bilal Hussain,user3572@example.com,2023-10-20,Gold,M
3573,Hassan Ali,user3573@example.com,2022-11-29,Bronze,M
3574,Hassan Ali,user3574@example.com,2024-04-03,Bronze,M
3575,Bilal Hussain,user3575@example.com,2024-06-28,Silver,F
3576,Ahmed Hussain,user3576@example.com,2023-05-28,Bronze,F
3577,Amir Shah,user3577@example.com,2024-08-04,Platinum,F
3578,Ahmed Qureshi,user3578@example.com,2023-04-01,Silver,F
3579,Omar Hussain,user3579@example.com,2024-10-16,Bronze,F
3580,Ahmed Shah,user3580@example.com,2022-06-18,Platinum,F
3581,Bilal Hussain,user3581@example.com,2023-03-31,Platinum,M
3582,Amir Akram,user3582@example.com,2024-08-03,Bronze,F
3583,Sara Raza,user3583@example.com,2023-12-16,Bronze,F
3584,Zain Qureshi,user3584@example.com,2024-03-23,Bronze,M
3585,Hassan Hussain,user3585@example.com,2024-10-09,Bronze,M
3586,Sara Akram,user3586@example.com,2024-03-20,Bronze,F
3587,Bilal Qureshi,user3587@example.com,2024-06-18,Gold,M
3588,Ali Farooq,user3588@example.com,2023-09-19,Silver,F
3589,Aisha Raza,user3589@example.com,2024-08-29,Bronze,M
3590,Ali Qureshi,user3590@example.com,2022-04-21,Bronze,M
3591,Omar Raza,user3591@example.com,2024-01-29,Platinum,M
3592,Hina Raza,user3592@example.com,2022-07-12,Bronze,M
3593,Ahmed Khan,user3593@example.com,2022-03-25,Bronze,M
3594,Ali Ali,user3594@example.com,2022-08-22,Silver,F
3595,Zain Shah,user3595@example.com,2024-04-28,Bronze,M
3596,Fatima Hussain,user3596@example.com,2022-04-20,Gold,M
3597,Aisha Hussain,user3597@example.com,2024-06-25,Silver,F
3598,Zara Hussain,user3598@example.com,2024-08-09,Bronze,F
3599,Zain Khan,user3599@example.com,2024-04-28,Silver,M
3600,Zain Ali,user3600@example.com,2023-06-07,Bronze,F
3601,Ahmed Hussain,user3601@example.com,2022-02-23,Silver,M
3602,Zara Hussain,user3602@example.com,2023-09-24,Bronze,M
3603,Zain Ali,user3603@example.com,2024-02-10,Bronze,F
3604,Zain Hussain,user3604@example.com,2024-06-09,Gold,M
3605,Hassan Akram,user3605@example.com,2022-10-29,Bronze,M
3606,Sara Raza,user3606@example.com,2023-06-13,Silver,M
3607,Ahmed Hussain,user3607@example.com,2023-01-06,Silver,M
3608,Zara Khan,user3608@example.com,2022-03-12,Bronze,F
3609,Hina Akram,user3609@example.com,2022-10-09,Bronze,M
3610,Fatima Hussain,user3610@example.com,2023-09-18,Bronze,M
3611,Ahmed Qureshi,user3611@example.com,2024-07-29,Bronze,M
3612,Sara Farooq,user3612@example.com,2024-02-21,Silver,M
3613,Omar Akram,user3613@example.com,2022-08-15,Bronze,M
3614,Omar Qureshi,user3614@example.com,2022-12-22,Silver,F
3615,Aisha Shah,user3615@example.com,2023-02-24,Silver,M
3616,Aisha Shah,user3616@example.com,2022-01-17,Bronze,F
3617,Sara Shah,user3617@example.com,2024-10-31,Silver,F
3618,Sara Shah,user3618@example.com,2024-04-02,Silver,M
3619,Omar Farooq,user3619@example.com,2024-11-13,Bronze,M
3620,Sara Qureshi,user3620@example.com,2022-05-30,Gold,M
3621,Ahmed Ali,user3621@example.com,2023-03-31,Bronze,F
3622,Bilal Khan,user3622@example.com,2022-11-23,Silver,M
3623,Aisha Khan,user3623@example.com,2022-03-28,Silver,M
3624,Sara Ali,user3624@example.com,2022-05-03,Silver,M
3625,Hina Hussain,user3625@example.com,2022-11-01,Bronze,M
3626,Amir Khan,user3626@example.com,2022-09-19,Bronze,M
3627,Fatima Akram,user3627@example.com,2022-01-12,Silver,F
3628,Zara Qureshi,user3628@example.com,2022-10-28,Silver,F
3629,Ali Khan,user3629@example.com,2022-01-18,Bronze,F
3630,Amir Hussain,user3630@example.com,2022-08-28,Bronze,F
3631,Zain Akram,user3631@example.com,2023-08-22,Bronze,M
3632,Zain Qureshi,user3632@example.com,2023-12-10,Bronze,M
3633,Sara Ali,user3633@example.com,2024-04-12,Bronze,F
3634,Aisha Farooq,user3634@example.com,2022-08-07,Bronze,M
3635,Zara Hussain,user3635@example.com,2024-10-09,Bronze,F
3636,Fatima Khan,user3636@example.com,2023-09-30,Bronze,M
3637,Bilal Ali,user3637@example.com,2022-03-19,Bronze,M
3638,Omar Qureshi,user3638@example.com,2022-10-14,Bronze,M
3639,Hassan Khan,user3639@example.com,2023-06-20,Platinum,M
3640,Omar Ali,user3640@example.com,2023-11-22,Platinum,F
3641,Ali Akram,user3641@example.com,2022-04-18,Silver,F
3642,Amir Qureshi,user3642@example.com,2023-06-10,Gold,M
3643,Zara Shah,user3643@example.com,2022-12-12,Bronze,M
3644,Sara Ali,user3644@example.com,2022-05-16,Bronze,M
3645,Ali Hussain,user3645@example.com,2024-05-20,Bronze,M
3646,Ali Raza,user3646@example.com,2024-05-10,Bronze,M
3647,Ali Raza,user3647@example.com,2024-11-26,Bronze,M
3648,Hassan Raza,user3648@example.com,2024-05-31,Bronze,M
3649,Omar Hussain,user3649@example.com,2024-07-12,Platinum,M
3650,Hina Ali,user3650@example.com,2023-11-03,Bronze,F
3651,Fatima Khan,user3651@example.com,2024-09-14,Bronze,F
3652,Sara Raza,user3652@example.com,2023-06-19,Bronze,F
3653,Ali Shah,user3653@example.com,2022-01-24,Bronze,M
3654,Hina Shah,user3654@example.com,2024-07-29,Bronze,F
3655,Omar Ali,user3655@example.com,2023-07-21,Platinum,M
3656,Zara Akram,user3656@example.com,2024-05-07,Bronze,M
3657,Ali Ali,user3657@example.com,2023-03-17,Bronze,F
3658,Aisha Qureshi,user3658@example.com,2022-11-29,Bronze,M
3659,Ahmed Shah,user3659@example.com,2023-03-30,Bronze,F
3660,Bilal Raza,user3660@example.com,2024-05-27,Bronze,M
3661,Bilal Raza,user3661@example.com,2023-05-22,Bronze,M
3662,Ahmed Ali,user3662@example.com,2022-11-06,Bronze,M
3663,Bilal Akram,user3663@example.com,2023-12-31,Silver,M
3664,Ahmed Shah,user3664@example.com,2023-02-09,Bronze,F
3665,Ali Akram,user3665@example.com,2024-01-22,Silver,F
3666,Sara Ali,user3666@example.com,2023-12-11,Bronze,F
3667,Hassan Qureshi,user3667@example.com,2024-06-20,Bronze,M
3668,Zain Qureshi,user3668@example.com,2023-10-19,Silver,F
3669,Ali Raza,user3669@example.com,2024-12-20,Bronze,M
3670,Fatima Shah,user3670@example.com,2022-03-26,Silver,M
3671,Aisha Khan,user3671@example.com,2024-12-06,Bronze,F
3672,Bilal Ali,user3672@example.com,2023-03-02,Bronze,F
3673,Aisha Khan,user3673@example.com,2024-01-11,Silver,F
3674,Aisha Farooq,user3674@example.com,2023-06-27,Silver,M
3675,Hassan Farooq,user3675@example.com,2023-02-19,Bronze,M
3676,Sara Shah,user3676@example.com,2024-12-05,Silver,M
3677,Zain Shah,user3677@example.com,2023-08-01,Silver,M
3678,Hina Shah,user3678@example.com,2024-12-26,Bronze,F
3679,Zain Hussain,user3679@example.com,2023-10-05,Bronze,M
3680,Ahmed Farooq,user3680@example.com,2022-04-22,Bronze,F
3681,Ali Ali,user3681@example.com,2022-07-27,Platinum,M
3682,Ahmed Akram,user3682@example.com,2024-03-12,Bronze,F
3683,Sara Shah,user3683@example.com,2024-12-28,Bronze,F
3684,Zara Hussain,user3684@example.com,2023-06-07,Bronze,F
3685,Amir Shah,user3685@example.com,2022-07-29,Silver,F
3686,Aisha Raza,user3686@example.com,2023-01-16,Bronze,F
3687,Ahmed Akram,user3687@example.com,2022-02-01,Bronze,M
3688,Amir Ali,user3688@example.com,2024-12-20,Bronze,F
3689,Ahmed Shah,user3689@example.com,2024-03-09,Bronze,M
3690,Bilal Farooq,user3690@example.com,2022-05-27,Bronze,F
3691,Zara Akram,user3691@example.com,2023-09-05,Bronze,M
3692,Zain Khan,user3692@example.com,2024-05-24,Gold,M
3693,Bilal Ali,user3693@example.com,2024-10-02,Gold,F
3694,Hassan Raza,user3694@example.com,2024-07-02,Gold,F
3695,Bilal Ali,user3695@example.com,2024-12-06,Bronze,F
3696,Zara Ali,user3696@example.com,2024-01-02,Silver,M
3697,Zara Hussain,user3697@example.com,2024-06-17,Gold,F
3698,Hina Farooq,user3698@example.com,2022-01-29,Silver,M
3699,Amir Hussain,user3699@example.com,2023-07-17,Bronze,M
3700,Fatima Hussain,user3700@example.com,2024-01-22,Platinum,F
3701,Sara Raza,user3701@example.com,2024-01-27,Bronze,M
3702,Bilal Khan,user3702@example.com,2024-01-05,Bronze,M
3703,Hina Farooq,user3703@example.com,2024-01-14,Gold,M
3704,Amir Ali,user3704@example.com,2023-02-12,Platinum,M
3705,Zara Farooq,user3705@example.com,2023-05-02,Bronze,M
3706,Aisha Raza,user3706@example.com,2024-07-18,Bronze,F
3707,Amir Farooq,user3707@example.com,2023-01-27,Bronze,F
3708,Omar Khan,user3708@example.com,2023-06-07,Gold,F
3709,Aisha Shah,user3709@example.com,2024-04-29,Gold,F
3710,Zara Hussain,user3710@example.com,2024-12-10,Bronze,M
3711,Amir Qureshi,user3711@example.com,2024-05-27,Silver,M
3712,Bilal Farooq,user3712@example.com,2024-02-18,Bronze,F
3713,Amir Ali,user3713@example.com,2023-01-19,Bronze,F
3714,Ali Shah,user3714@example.com,2023-11-29,Silver,F
3715,Fatima Qureshi,user3715@example.com,2022-08-16,Platinum,M
3716,Bilal Shah,user3716@example.com,2023-11-23,Bronze,F
3717,Bilal Khan,user3717@example.com,2024-12-11,Silver,M
3718,Hina Ali,user3718@example.com,2022-10-30,Silver,M
3719,Omar Shah,user3719@example.com,2024-05-08,Silver,F
3720,Aisha Khan,user3720@example.com,2024-09-07,Bronze,M
3721,Zara Hussain,user3721@example.com,2024-02-07,Silver,M
3722,Zain Akram,user3722@example.com,2023-01-12,Bronze,F
3723,Amir Hussain,user3723@example.com,2024-11-24,Silver,M
3724,Hassan Akram,user3724@example.com,2022-02-26,Bronze,F
3725,Hina Akram,user3725@example.com,2024-08-27,Silver,M
3726,Sara Shah,user3726@example.com,2023-05-04,Silver,F
3727,Zain Khan,user3727@example.com,2022-08-05,Bronze,M
3728,Ali Shah,user3728@example.com,2024-01-08,Bronze,M
3729,Aisha Ali,user3729@example.com,2024-10-22,Platinum,F
3730,Zain Farooq,user3730@example.com,2023-04-13,Silver,F
3731,Amir Akram,user3731@example.com,2024-07-12,Silver,M
3732,Omar Raza,user3732@example.com,2022-01-05,Silver,F
3733,Zain Akram,user3733@example.com,2024-11-04,Silver,F
3734,Amir Akram,user3734@example.com,2023-10-23,Bronze,M
3735,Ali Akram,user3735@example.com,2022-09-03,Bronze,M
3736,Hina Hussain,user3736@example.com,2024-04-20,Silver,M
3737,Sara Farooq,user3737@example.com,2022-01-17,Silver,M
3738,Aisha Shah,user3738@example.com,2023-03-13,Bronze,F
3739,Amir Shah,user3739@example.com,2024-03-12,Silver,F
3740,Zain Shah,user3740@example.com,2023-01-13,Bronze,M
3741,Hina Shah,user3741@example.com,2022-12-31,Silver,F
3742,Aisha Raza,user3742@example.com,2024-10-11,Bronze,M
3743,Hassan Shah,user3743@example.com,2023-07-15,Platinum,F
3744,Zara Khan,user3744@example.com,2023-03-30,Bronze,M
3745,Hassan Qureshi,user3745@example.com,2024-06-26,Bronze,M
3746,Amir Khan,user3746@example.com,2023-07-09,Silver,F
3747,Fatima Hussain,user3747@example.com,2023-09-29,Bronze,M
3748,Bilal Raza,user3748@example.com,2022-02-04,Bronze,M
3749,Fatima Farooq,user3749@example.com,2024-04-05,Bronze,F
3750,Bilal Qureshi,user3750@example.com,2022-03-03,Bronze,M
3751,Hassan Qureshi,user3751@example.com,2024-11-15,Silver,M
3752,Aisha Akram,user3752@example.com,2022-02-05,Silver,M
3753,Sara Khan,user3753@example.com,2023-12-07,Bronze,F
3754,Zara Akram,user3754@example.com,2024-10-18,Silver,F
3755,Ahmed Hussain,user3755@example.com,2024-10-13,Bronze,F
3756,Hassan Khan,user3756@example.com,2023-03-23,Platinum,M
3757,Hassan Qureshi,user3757@example.com,2022-11-17,Silver,M
3758,Ahmed Khan,user3758@example.com,2023-01-05,Silver,M
3759,Amir Farooq,user3759@example.com,2023-07-31,Bronze,F
3760,Aisha Khan,user3760@example.com,2022-12-16,Platinum,M
3761,Fatima Ali,user3761@example.com,2022-09-12,Silver,M
3762,Ali Shah,user3762@example.com,2023-06-08,Bronze,F
3763,Zara Ali,user3763@example.com,2024-01-27,Silver,M
3764,Zain Hussain,user3764@example.com,2023-07-18,Bronze,M
3765,Aisha Ali,user3765@example.com,2022-08-13,Bronze,M
3766,Ali Hussain,user3766@example.com,2024-08-06,Gold,M
3767,Ahmed Ali,user3767@example.com,2023-10-27,Bronze,M
3768,Hina Ali,user3768@example.com,2022-06-29,Bronze,M
3769,Sara Hussain,user3769@example.com,2022-07-21,Bronze,M
3770,Zain Raza,user3770@example.com,2024-02-13,Bronze,M
3771,Zain Qureshi,user3771@example.com,2023-09-04,Bronze,M
3772,Sara Shah,user3772@example.com,2022-09-01,Bronze,F
3773,Aisha Qureshi,user3773@example.com,2022-03-18,Bronze,M
3774,Zain Khan,user3774@example.com,2023-11-29,Silver,F
3775,Ali Ali,user3775@example.com,2024-10-21,Platinum,F
3776,Omar Farooq,user3776@example.com,2023-06-27,Gold,M
3777,Sara Ali,user3777@example.com,2022-05-30,Bronze,F
3778,Aisha Khan,user3778@example.com,2024-02-04,Bronze,F
3779,Omar Raza,user3779@example.com,2024-04-26,Silver,M
3780,Hina Raza,user3780@example.com,2024-08-27,Silver,F
3781,Zain Farooq,user3781@example.com,2024-10-19,Bronze,M
3782,Amir Ali,user3782@example.com,2022-03-30,Bronze,M
3783,Bilal Akram,user3783@example.com,2024-12-11,Gold,M
3784,Zain Khan,user3784@example.com,2022-02-24,Bronze,F
3785,Zara Ali,user3785@example.com,2022-11-26,Bronze,F
3786,Bilal Raza,user3786@example.com,2022-12-26,Bronze,F
3787,Fatima Hussain,user3787@example.com,2024-05-18,Bronze,M
3788,Bilal Farooq,user3788@example.com,2024-01-14,Bronze,F
3789,Zain Ali,user3789@example.com,2023-08-03,Silver,F
3790,Aisha Hussain,user3790@example.com,2022-08-06,Bronze,F
3791,Sara Raza,user3791@example.com,2024-02-27,Bronze,F
3792,Ahmed Shah,user3792@example.com,2024-06-02,Bronze,M
3793,Fatima Ali,user3793@example.com,2023-08-30,Bronze,F
3794,Bilal Hussain,user3794@example.com,2022-11-09,Bronze,M
3795,Ahmed Farooq,user3795@example.com,2022-03-16,Silver,M
3796,Hassan Raza,user3796@example.com,2024-10-24,Bronze,F
3797,Ahmed Khan,user3797@example.com,2024-09-30,Bronze,F
3798,Zain Qureshi,user3798@example.com,2023-09-04,Silver,M
3799,Aisha Farooq,user3799@example.com,2024-11-27,Bronze,F
3800,Hina Shah,user3800@example.com,2022-09-07,Bronze,M
3801,Zara Akram,user3801@example.com,2022-03-12,Bronze,F
3802,Zain Akram,user3802@example.com,2024-11-03,Bronze,F
3803,Sara Raza,user3803@example.com,2022-06-18,Bronze,M
3804,Ali Hussain,user3804@example.com,2023-06-14,Silver,F
3805,Zain Raza,user3805@example.com,2024-01-30,Bronze,F
3806,Amir Khan,user3806@example.com,2023-08-22,Bronze,M
3807,Fatima Khan,user3807@example.com,2024-01-01,Bronze,F
3808,Hassan Farooq,user3808@example.com,2022-02-20,Bronze,M
3809,Zara Shah,user3809@example.com,2023-05-23,Silver,M
3810,Zara Akram,user3810@example.com,2022-04-06,Bronze,M
3811,Ali Shah,user3811@example.com,2024-05-05,Gold,M
3812,Ahmed Raza,user3812@example.com,2024-10-04,Bronze,F
3813,Zain Khan,user3813@example.com,2022-08-19,Bronze,M
3814,Hassan Khan,user3814@example.com,2023-03-31,Bronze,M
3815,Zain Qureshi,user3815@example.com,2024-12-22,Bronze,M
3816,Ali Khan,user3816@example.com,2023-03-19,Bronze,M
3817,Fatima Shah,user3817@example.com,2024-04-28,Silver,F
3818,Sara Raza,user3818@example.com,2022-06-04,Bronze,F
3819,Sara Qureshi,user3819@example.com,2024-09-07,Silver,M
3820,Zain Qureshi,user3820@example.com,2022-05-30,Platinum,M
3821,Zara Khan,user3821@example.com,2024-11-06,Bronze,M
3822,Amir Farooq,user3822@example.com,2022-10-07,Bronze,M
3823,Omar Akram,user3823@example.com,2024-03-14,Bronze,M
3824,Bilal Khan,user3824@example.com,2022-06-03,Silver,M
3825,Hassan Raza,user3825@example.com,2023-01-06,Bronze,M
3826,Zain Khan,user3826@example.com,2023-01-11,Silver,F
3827,Aisha Akram,user3827@example.com,2024-12-16,Bronze,M
3828,Amir Hussain,user3828@example.com,2024-04-08,Bronze,M
3829,Ali Khan,user3829@example.com,2024-09-04,Silver,F
3830,Zara Khan,user3830@example.com,2022-11-16,Bronze,F
3831,Amir Khan,user3831@example.com,2023-07-25,Platinum,F
3832,Bilal Qureshi,user3832@example.com,2024-06-11,Bronze,M
3833,Hina Hussain,user3833@example.com,2024-01-16,Bronze,F
3834,Zara Khan,user3834@example.com,2022-08-15,Bronze,F
3835,Ahmed Ali,user3835@example.com,2022-11-03,Silver,M
3836,Ahmed Hussain,user3836@example.com,2022-05-10,Silver,M
3837,Bilal Qureshi,user3837@example.com,2024-11-06,Silver,F
3838,Bilal Hussain,user3838@example.com,2022-01-23,Silver,M
3839,Ahmed Qureshi,user3839@example.com,2022-11-20,Silver,M
3840,Ahmed Akram,user3840@example.com,2024-05-30,Bronze,M
3841,Zara Akram,user3841@example.com,2024-06-25,Bronze,M
3842,Ahmed Ali,user3842@example.com,2024-08-29,Silver,M
3843,Hina Hussain,user3843@example.com,2024-10-10,Silver,M
3844,Zain Qureshi,user3844@example.com,2024-12-24,Bronze,M
3845,Sara Khan,user3845@example.com,2023-03-14,Silver,F
3846,Bilal Ali,user3846@example.com,2024-06-30,Bronze,F
3847,Zara Akram,user3847@example.com,2023-02-18,Platinum,F
3848,Fatima Akram,user3848@example.com,2022-04-25,Bronze,M
3849,Zain Akram,user3849@example.com,2022-08-30,Bronze,F
3850,Bilal Farooq,user3850@example.com,2022-04-03,Silver,M
3851,Omar Akram,user3851@example.com,2022-04-08,Bronze,M
3852,Sara Raza,user3852@example.com,2023-11-15,Bronze,F
3853,Fatima Khan,user3853@example.com,2024-12-11,Bronze,M
3854,Ahmed Ali,user3854@example.com,2024-05-04,Gold,F
3855,Zain Farooq,user3855@example.com,2022-07-22,Bronze,M
3856,Omar Hussain,user3856@example.com,2023-11-16,Silver,F
3857,Zara Hussain,user3857@example.com,2023-09-05,Platinum,M
3858,Aisha Khan,user3858@example.com,2022-04-21,Bronze,F
3859,Hassan Khan,user3859@example.com,2024-03-17,Silver,M
3860,Ahmed Ali,user3860@example.com,2022-04-27,Bronze,F
3861,Sara Hussain,user3861@example.com,2023-03-01,Silver,M
3862,Zara Shah,user3862@example.com,2022-12-05,Gold,M
3863,Sara Khan,user3863@example.com,2023-09-11,Bronze,F
3864,Amir Hussain,user3864@example.com,2022-09-09,Bronze,F
3865,Omar Shah,user3865@example.com,2022-06-12,Gold,M
3866,Sara Akram,user3866@example.com,2024-12-07,Platinum,F
3867,Fatima Ali,user3867@example.com,2022-09-13,Bronze,M
3868,Omar Shah,user3868@example.com,2023-01-05,Bronze,M
3869,Sara Akram,user3869@example.com,2022-11-12,Bronze,F
3870,Ali Hussain,user3870@example.com,2023-09-20,Silver,F
3871,Hassan Akram,user3871@example.com,2023-10-11,Silver,M
3872,Zain Qureshi,user3872@example.com,2023-11-15,Bronze,F
3873,Zain Qureshi,user3873@example.com,2022-03-26,Silver,F
3874,Ahmed Qureshi,user3874@example.com,2022-10-31,Bronze,M
3875,Sara Farooq,user3875@example.com,2023-10-06,Gold,M
3876,Zara Farooq,user3876@example.com,2022-07-20,Bronze,M
3877,Bilal Khan,user3877@example.com,2022-05-10,Silver,M
3878,Hassan Ali,user3878@example.com,2023-06-24,Bronze,M
3879,Hina Qureshi,user3879@example.com,2023-05-25,Bronze,F
3880,Ali Khan,user3880@example.com,2022-02-27,Silver,F
3881,Ahmed Khan,user3881@example.com,2024-11-03,Gold,M
3882,Ali Hussain,user3882@example.com,2023-02-19,Bronze,M
3883,Zain Raza,user3883@example.com,2023-11-05,Bronze,F
3884,Hina Hussain,user3884@example.com,2024-12-17,Bronze,M
3885,Aisha Farooq,user3885@example.com,2022-05-31,Bronze,F
3886,Zara Ali,user3886@example.com,2024-07-12,Bronze,M
3887,Ali Farooq,user3887@example.com,2022-07-10,Bronze,F
3888,Sara Raza,user3888@example.com,2024-12-08,Bronze,M
3889,Ahmed Farooq,user3889@example.com,2022-10-09,Platinum,M
3890,Bilal Qureshi,user3890@example.com,2024-07-26,Silver,M
3891,Sara Hussain,user3891@example.com,2023-01-27,Bronze,M
3892,Zain Raza,user3892@example.com,2023-05-24,Bronze,M
3893,Ahmed Ali,user3893@example.com,2024-05-06,Bronze,M
3894,Aisha Farooq,user3894@example.com,2022-01-21,Silver,F
3895,Sara Qureshi,user3895@example.com,2024-05-08,Bronze,M
3896,Amir Hussain,user3896@example.com,2024-05-27,Bronze,M
3897,Zara Shah,user3897@example.com,2022-04-22,Silver,F
3898,Ahmed Qureshi,user3898@example.com,2024-03-04,Bronze,M
3899,Aisha Shah,user3899@example.com,2022-10-19,Silver,M
3900,Hina Akram,user3900@example.com,2023-08-08,Bronze,M
3901,Hassan Ali,user3901@example.com,2022-01-27,Bronze,F
3902,Ahmed Farooq,user3902@example.com,2023-05-05,Bronze,M
3903,Omar Raza,user3903@example.com,2023-08-20,Silver,F
3904,Sara Raza,user3904@example.com,2022-11-02,Platinum,F
3905,Ali Ali,user3905@example.com,2024-11-28,Silver,M
3906,Hassan Shah,user3906@example.com,2024-02-06,Bronze,M
3907,Amir Farooq,user3907@example.com,2024-08-19,Silver,M
3908,Zain Akram,user3908@example.com,2024-11-21,Bronze,F
3909,Aisha Qureshi,user3909@example.com,2024-12-29,Silver,F
3910,Zara Akram,user3910@example.com,2023-12-14,Bronze,F
3911,Aisha Hussain,user3911@example.com,2022-03-19,Gold,M
3912,Bilal Ali,user3912@example.com,2023-08-15,Bronze,M
3913,Amir Shah,user3913@example.com,2022-04-08,Silver,M
3914,Ali Hussain,user3914@example.com,2022-06-05,Silver,F
3915,Amir Farooq,user3915@example.com,2023-03-12,Bronze,F
3916,Zara Ali,user3916@example.com,2022-09-19,Gold,M
3917,Fatima Akram,user3917@example.com,2022-01-31,Bronze,F
3918,Amir Akram,user3918@example.com,2023-04-04,Gold,F
3919,Ali Farooq,user3919@example.com,2024-07-23,Bronze,F
3920,Zain Akram,user3920@example.com,2024-10-24,Silver,F
3921,Zain Shah,user3921@example.com,2024-02-24,Silver,M
3922,Zain Shah,user3922@example.com,2024-05-14,Bronze,F
3923,Sara Raza,user3923@example.com,2022-02-16,Bronze,M
3924,Bilal Shah,user3924@example.com,2023-08-12,Bronze,F
3925,Ahmed Hussain,user3925@example.com,2024-04-19,Silver,F
3926,Omar Ali,user3926@example.com,2024-12-28,Bronze,M
3927,Hassan Shah,user3927@example.com,2024-11-21,Bronze,F
3928,Zain Shah,user3928@example.com,2023-11-12,Bronze,F
3929,Hina Qureshi,user3929@example.com,2022-01-30,Bronze,M
3930,Omar Ali,user3930@example.com,2022-11-13,Bronze,F
3931,Hina Farooq,user3931@example.com,2022-05-06,Bronze,F
3932,Omar Akram,user3932@example.com,2023-07-14,Gold,M
3933,Bilal Hussain,user3933@example.com,2024-03-03,Platinum,F
3934,Sara Raza,user3934@example.com,2024-11-23,Bronze,M
3935,Omar Hussain,user3935@example.com,2023-09-20,Bronze,F
3936,Aisha Akram,user3936@example.com,2022-01-30,Silver,M
3937,Sara Raza,user3937@example.com,2023-03-24,Silver,M
3938,Bilal Raza,user3938@example.com,2022-03-18,Bronze,F
3939,Aisha Akram,user3939@example.com,2023-04-11,Gold,F
3940,Ahmed Khan,user3940@example.com,2024-08-04,Bronze,M
3941,Ali Khan,user3941@example.com,2022-04-19,Silver,M
3942,Sara Farooq,user3942@example.com,2023-07-26,Bronze,M
3943,Sara Qureshi,user3943@example.com,2023-06-10,Bronze,M
3944,Hina Hussain,user3944@example.com,2022-07-29,Gold,F
3945,Sara Raza,user3945@example.com,2023-08-29,Bronze,M
3946,Aisha Hussain,user3946@example.com,2022-11-08,Silver,M
3947,Sara Khan,user3947@example.com,2023-03-12,Bronze,F
3948,Bilal Farooq,user3948@example.com,2023-06-07,Bronze,F
3949,Hassan Qureshi,user3949@example.com,2024-11-19,Silver,M
3950,Hassan Khan,user3950@example.com,2023-08-19,Bronze,F
3951,Hassan Raza,user3951@example.com,2022-09-03,Silver,F
3952,Hina Akram,user3952@example.com,2024-04-17,Gold,M
3953,Zara Raza,user3953@example.com,2023-01-22,Bronze,M
3954,Zain Shah,user3954@example.com,2022-01-22,Bronze,M
3955,Aisha Ali,user3955@example.com,2023-07-06,Silver,M
3956,Zain Hussain,user3956@example.com,2023-10-14,Silver,M
3957,Amir Raza,user3957@example.com,2023-10-12,Bronze,F
3958,Omar Qureshi,user3958@example.com,2022-11-26,Bronze,F
3959,Aisha Hussain,user3959@example.com,2022-04-11,Bronze,M
3960,Ali Hussain,user3960@example.com,2022-07-02,Bronze,M
3961,Ahmed Hussain,user3961@example.com,2022-02-20,Bronze,F
3962,Zain Ali,user3962@example.com,2024-12-10,Silver,M
3963,Zain Farooq,user3963@example.com,2022-05-14,Gold,M
3964,Omar Shah,user3964@example.com,2024-08-03,Bronze,M
3965,Hina Qureshi,user3965@example.com,2022-05-03,Bronze,M
3966,Zain Shah,user3966@example.com,2024-08-05,Bronze,F
3967,Ahmed Raza,user3967@example.com,2024-09-03,Bronze,F
3968,Zain Farooq,user3968@example.com,2022-05-09,Bronze,M
3969,Sara Qureshi,user3969@example.com,2023-07-24,Bronze,M
3970,Ali Akram,user3970@example.com,2024-10-19,Bronze,F
3971,Aisha Ali,user3971@example.com,2024-07-10,Gold,M
3972,Aisha Akram,user3972@example.com,2024-12-14,Bronze,M
3973,Ahmed Qureshi,user3973@example.com,2022-01-14,Bronze,M
3974,Zara Farooq,user3974@example.com,2022-07-13,Bronze,F
3975,Zara Khan,user3975@example.com,2023-06-11,Bronze,M
3976,Fatima Shah,user3976@example.com,2024-12-02,Bronze,M
3977,Omar Shah,user3977@example.com,2023-06-26,Bronze,F
3978,Aisha Farooq,user3978@example.com,2024-06-17,Gold,M
3979,Amir Shah,user3979@example.com,2023-06-10,Bronze,M
3980,Zara Raza,user3980@example.com,2023-01-22,Bronze,F
3981,Zara Ali,user3981@example.com,2023-03-23,Silver,M
3982,Bilal Ali,user3982@example.com,2022-06-27,Gold,M
3983,Fatima Farooq,user3983@example.com,2022-04-26,Platinum,M
3984,Hina Hussain,user3984@example.com,2024-07-17,Bronze,M
3985,Zara Akram,user3985@example.com,2023-06-11,Platinum,F
3986,Omar Khan,user3986@example.com,2023-05-19,Bronze,M
3987,Sara Shah,user3987@example.com,2023-08-19,Bronze,F
3988,Zara Farooq,user3988@example.com,2024-07-24,Platinum,M
3989,Amir Ali,user3989@example.com,2023-06-14,Gold,F
3990,Hassan Akram,user3990@example.com,2022-12-18,Silver,M
3991,Ali Ali,user3991@example.com,2023-12-22,Bronze,F
3992,Bilal Ali,user3992@example.com,2023-07-11,Bronze,M
3993,Amir Hussain,user3993@example.com,2022-02-07,Bronze,F
3994,Fatima Shah,user3994@example.com,2023-06-03,Bronze,F
3995,Fatima Khan,user3995@example.com,2024-11-07,Silver,F
3996,Aisha Raza,user3996@example.com,2022-08-23,Bronze,F
3997,Hina Farooq,user3997@example.com,2022-05-14,Silver,M
3998,Zara Ali,user3998@example.com,2022-05-18,Bronze,M
3999,Hassan Qureshi,user3999@example.com,2022-02-25,Bronze,F
4000,Hassan Khan,user4000@example.com,2024-05-23,Bronze,F
4001,Hassan Hussain,user4001@example.com,2024-04-16,Bronze,F
4002,Hassan Shah,user4002@example.com,2024-03-22,Bronze,F
4003,Zain Farooq,user4003@example.com,2022-01-10,Silver,F
4004,Hassan Akram,user4004@example.com,2022-04-09,Bronze,M
4005,Amir Raza,user4005@example.com,2024-07-16,Silver,M
4006,Amir Raza,user4006@example.com,2023-04-26,Gold,M
4007,Zara Hussain,user4007@example.com,2024-12-19,Bronze,M
4008,Sara Ali,user4008@example.com,2022-10-20,Bronze,M
4009,Ali Hussain,user4009@example.com,2023-01-23,Silver,M
4010,Ahmed Khan,user4010@example.com,2022-07-08,Platinum,M
4011,Bilal Farooq,user4011@example.com,2024-01-30,Bronze,M
4012,Fatima Raza,user4012@example.com,2022-06-12,Silver,M
4013,Ali Hussain,user4013@example.com,2023-04-05,Silver,F
4014,Hassan Akram,user4014@example.com,2022-08-31,Bronze,F
4015,Ahmed Khan,user4015@example.com,2022-03-29,Bronze,F
4016,Fatima Ali,user4016@example.com,2023-02-20,Bronze,M
4017,Omar Raza,user4017@example.com,2024-06-17,Gold,M
4018,Bilal Qureshi,user4018@example.com,2024-06-19,Bronze,M
4019,Fatima Khan,user4019@example.com,2022-05-27,Bronze,M
4020,Bilal Akram,user4020@example.com,2023-02-06,Bronze,M
4021,Aisha Qureshi,user4021@example.com,2022-08-13,Bronze,M
4022,Ahmed Khan,user4022@example.com,2023-09-12,Bronze,F
4023,Fatima Ali,user4023@example.com,2023-03-23,Gold,F
4024,Bilal Akram,user4024@example.com,2024-06-22,Silver,F
4025,Aisha Qureshi,user4025@example.com,2022-01-24,Bronze,F
4026,Ahmed Akram,user4026@example.com,2024-05-04,Bronze,M
4027,Sara Farooq,user4027@example.com,2024-11-13,Platinum,M
4028,Ali Farooq,user4028@example.com,2022-07-05,Bronze,M
4029,Hassan Khan,user4029@example.com,2022-04-06,Platinum,M
4030,Amir Akram,user4030@example.com,2024-12-10,Bronze,F
4031,Sara Qureshi,user4031@example.com,2023-12-25,Silver,M
4032,Hassan Shah,user4032@example.com,2024-01-21,Platinum,M
4033,Hina Ali,user4033@example.com,2023-05-27,Bronze,M
4034,Omar Hussain,user4034@example.com,2023-08-27,Bronze,F
4035,Sara Raza,user4035@example.com,2023-05-30,Gold,F
4036,Ahmed Ali,user4036@example.com,2022-09-15,Bronze,M
4037,Omar Khan,user4037@example.com,2024-11-29,Bronze,M
4038,Hina Farooq,user4038@example.com,2024-12-19,Bronze,M
4039,Zain Farooq,user4039@example.com,2022-09-12,Bronze,F
4040,Aisha Shah,user4040@example.com,2024-10-20,Gold,F
4041,Omar Farooq,user4041@example.com,2024-11-01,Bronze,F
4042,Hina Qureshi,user4042@example.com,2022-05-13,Bronze,F
4043,Ahmed Ali,user4043@example.com,2024-02-12,Bronze,M
4044,Omar Ali,user4044@example.com,2023-04-19,Bronze,M
4045,Fatima Farooq,user4045@example.com,2024-04-21,Bronze,F
4046,Zara Raza,user4046@example.com,2023-10-06,Silver,M
4047,Ali Khan,user4047@example.com,2023-12-03,Gold,F
4048,Fatima Farooq,user4048@example.com,2024-03-11,Platinum,M
4049,Hassan Qureshi,user4049@example.com,2024-12-19,Silver,F
4050,Zara Qureshi,user4050@example.com,2023-02-01,Bronze,F
4051,Hassan Raza,user4051@example.com,2023-03-09,Gold,M
4052,Fatima Qureshi,user4052@example.com,2022-12-17,Bronze,F
4053,Amir Raza,user4053@example.com,2022-05-29,Bronze,F
4054,Aisha Akram,user4054@example.com,2023-04-10,Silver,F
4055,Hina Hussain,user4055@example.com,2024-04-15,Bronze,F
4056,Bilal Khan,user4056@example.com,2023-09-04,Gold,F
4057,Ali Khan,user4057@example.com,2023-09-20,Bronze,M
4058,Ahmed Shah,user4058@example.com,2022-06-01,Platinum,F
4059,Amir Hussain,user4059@example.com,2024-06-30,Silver,M
4060,Zain Akram,user4060@example.com,2024-08-24,Bronze,M
4061,Zain Qureshi,user4061@example.com,2024-02-24,Silver,M
4062,Omar Raza,user4062@example.com,2024-01-13,Silver,M
4063,Sara Qureshi,user4063@example.com,2023-10-24,Silver,F
4064,Aisha Khan,user4064@example.com,2024-12-31,Bronze,M
4065,Amir Khan,user4065@example.com,2024-04-10,Bronze,M
4066,Zara Khan,user4066@example.com,2024-05-21,Silver,M
4067,Amir Khan,user4067@example.com,2022-09-12,Bronze,M
4068,Zara Ali,user4068@example.com,2023-01-19,Bronze,F
4069,Hassan Raza,user4069@example.com,2022-02-08,Bronze,F
4070,Bilal Shah,user4070@example.com,2022-03-25,Bronze,M
4071,Zain Raza,user4071@example.com,2024-08-26,Silver,M
4072,Ahmed Hussain,user4072@example.com,2023-12-17,Gold,M
4073,Hassan Hussain,user4073@example.com,2024-10-19,Bronze,M
4074,Ahmed Ali,user4074@example.com,2022-02-13,Bronze,F
4075,Zara Qureshi,user4075@example.com,2024-05-11,Platinum,M
4076,Omar Qureshi,user4076@example.com,2024-11-07,Bronze,F
4077,Omar Shah,user4077@example.com,2023-02-26,Gold,M
4078,Ahmed Ali,user4078@example.com,2024-03-13,Gold,M
4079,Omar Khan,user4079@example.com,2024-04-29,Silver,M
4080,Sara Khan,user4080@example.com,2024-08-10,Bronze,F
4081,Omar Ali,user4081@example.com,2022-10-14,Silver,F
4082,Bilal Raza,user4082@example.com,2023-06-26,Gold,M
4083,Zara Raza,user4083@example.com,2023-11-29,Bronze,M
4084,Ahmed Qureshi,user4084@example.com,2023-12-23,Platinum,F
4085,Sara Farooq,user4085@example.com,2022-09-10,Bronze,M
4086,Omar Ali,user4086@example.com,2024-11-18,Gold,F
4087,Zain Ali,user4087@example.com,2024-09-18,Bronze,F
4088,Hassan Qureshi,user4088@example.com,2024-07-15,Bronze,M
4089,Sara Ali,user4089@example.com,2024-01-27,Bronze,F
4090,Hina Farooq,user4090@example.com,2023-04-14,Gold,M
4091,Fatima Farooq,user4091@example.com,2024-02-22,Gold,M
4092,Sara Akram,user4092@example.com,2022-02-05,Bronze,M
4093,Zara Qureshi,user4093@example.com,2022-11-18,Gold,M
4094,Amir Ali,user4094@example.com,2022-06-14,Silver,F
4095,Bilal Shah,user4095@example.com,2022-10-16,Bronze,F
4096,Ali Raza,user4096@example.com,2022-06-24,Bronze,F
4097,Omar Shah,user4097@example.com,2023-02-11,Bronze,F
4098,Zain Akram,user4098@example.com,2022-05-14,Silver,F
4099,Zara Khan,user4099@example.com,2024-04-20,Bronze,F
4100,Bilal Khan,user4100@example.com,2024-10-16,Bronze,F
4101,Bilal Raza,user4101@example.com,2023-04-07,Bronze,M
4102,Ali Hussain,user4102@example.com,2024-01-05,Silver,M
4103,Sara Ali,user4103@example.com,2022-12-05,Bronze,F
4104,Bilal Qureshi,user4104@example.com,2024-11-08,Bronze,F
4105,Fatima Farooq,user4105@example.com,2023-03-06,Silver,F
4106,Omar Raza,user4106@example.com,2022-10-30,Bronze,F
4107,Hina Farooq,user4107@example.com,2023-06-02,Bronze,M
4108,Omar Qureshi,user4108@example.com,2022-05-09,Bronze,F
4109,Aisha Raza,user4109@example.com,2023-03-12,Bronze,M
4110,Zara Akram,user4110@example.com,2023-08-28,Bronze,F
4111,Zain Raza,user4111@example.com,2024-05-21,Gold,M
4112,Sara Raza,user4112@example.com,2023-11-24,Gold,M
4113,Amir Farooq,user4113@example.com,2022-01-02,Bronze,M
4114,Amir Khan,user4114@example.com,2023-07-24,Bronze,F
4115,Ali Ali,user4115@example.com,2024-12-21,Silver,F
4116,Ali Qureshi,user4116@example.com,2024-04-25,Bronze,F
4117,Ali Khan,user4117@example.com,2023-07-26,Silver,F
4118,Omar Khan,user4118@example.com,2022-09-26,Silver,F
4119,Fatima Hussain,user4119@example.com,2023-09-17,Silver,M
4120,Ali Farooq,user4120@example.com,2024-03-26,Bronze,M
4121,Hina Raza,user4121@example.com,2023-06-22,Gold,M
4122,Fatima Khan,user4122@example.com,2024-10-13,Silver,F
4123,Ahmed Raza,user4123@example.com,2023-12-23,Bronze,F
4124,Aisha Raza,user4124@example.com,2024-04-19,Bronze,F
4125,Omar Qureshi,user4125@example.com,2024-11-05,Silver,F
4126,Zain Farooq,user4126@example.com,2024-10-30,Gold,M
4127,Hina Shah,user4127@example.com,2023-04-07,Silver,M
4128,Sara Ali,user4128@example.com,2024-03-01,Bronze,M
4129,Bilal Hussain,user4129@example.com,2023-06-15,Bronze,M
4130,Hassan Hussain,user4130@example.com,2023-05-05,Bronze,M
4131,Omar Ali,user4131@example.com,2023-04-18,Bronze,M
4132,Zara Hussain,user4132@example.com,2022-11-14,Bronze,M
4133,Hassan Hussain,user4133@example.com,2022-08-20,Bronze,F
4134,Ali Qureshi,user4134@example.com,2023-09-11,Bronze,M
4135,Bilal Hussain,user4135@example.com,2024-07-26,Bronze,M
4136,Hina Hussain,user4136@example.com,2022-08-04,Bronze,F
4137,Ahmed Farooq,user4137@example.com,2024-07-06,Bronze,F
4138,Amir Hussain,user4138@example.com,2024-10-10,Silver,F
4139,Hina Hussain,user4139@example.com,2023-11-05,Bronze,M
4140,Omar Shah,user4140@example.com,2024-02-28,Bronze,M
4141,Zain Farooq,user4141@example.com,2024-03-01,Bronze,M
4142,Hina Khan,user4142@example.com,2024-03-06,Bronze,F
4143,Hina Qureshi,user4143@example.com,2022-04-15,Gold,F
4144,Aisha Hussain,user4144@example.com,2023-05-04,Silver,M
4145,Fatima Farooq,user4145@example.com,2022-10-30,Bronze,M
4146,Hina Ali,user4146@example.com,2023-01-16,Bronze,M
4147,Hina Hussain,user4147@example.com,2022-05-09,Silver,F
4148,Sara Qureshi,user4148@example.com,2022-08-10,Gold,F
4149,Amir Raza,user4149@example.com,2023-06-07,Bronze,M
4150,Fatima Shah,user4150@example.com,2024-10-05,Silver,F
4151,Ali Ali,user4151@example.com,2022-12-31,Bronze,M
4152,Sara Khan,user4152@example.com,2022-08-01,Bronze,F
4153,Ahmed Hussain,user4153@example.com,2023-08-22,Bronze,M
4154,Sara Akram,user4154@example.com,2024-07-17,Bronze,M
4155,Zain Farooq,user4155@example.com,2024-07-09,Bronze,F
4156,Bilal Raza,user4156@example.com,2024-08-27,Bronze,F
4157,Zain Khan,user4157@example.com,2023-09-07,Bronze,M
4158,Fatima Qureshi,user4158@example.com,2022-02-02,Silver,M
4159,Hina Qureshi,user4159@example.com,2022-06-01,Silver,M
4160,Sara Farooq,user4160@example.com,2024-10-15,Bronze,M
4161,Zara Raza,user4161@example.com,2023-09-12,Bronze,M
4162,Omar Qureshi,user4162@example.com,2024-01-09,Bronze,M
4163,Sara Raza,user4163@example.com,2022-12-15,Silver,F
4164,Ahmed Akram,user4164@example.com,2024-09-10,Bronze,M
4165,Aisha Khan,user4165@example.com,2023-09-28,Gold,M
4166,Hassan Shah,user4166@example.com,2022-10-24,Bronze,M
4167,Zara Shah,user4167@example.com,2023-05-25,Silver,F
4168,Sara Shah,user4168@example.com,2023-09-17,Bronze,F
4169,Sara Shah,user4169@example.com,2022-09-24,Bronze,M
4170,Ahmed Hussain,user4170@example.com,2023-06-15,Gold,F
4171,Zain Shah,user4171@example.com,2022-09-24,Silver,M
4172,Bilal Qureshi,user4172@example.com,2024-06-16,Bronze,F
4173,Zain Qureshi,user4173@example.com,2022-04-13,Silver,F
4174,Amir Qureshi,user4174@example.com,2024-12-24,Silver,M
4175,Aisha Qureshi,user4175@example.com,2022-07-09,Gold,M
4176,Sara Farooq,user4176@example.com,2023-08-19,Bronze,F
4177,Hassan Ali,user4177@example.com,2024-03-02,Bronze,F
4178,Sara Qureshi,user4178@example.com,2023-01-16,Gold,M
4179,Fatima Ali,user4179@example.com,2024-08-22,Bronze,F
4180,Aisha Ali,user4180@example.com,2024-11-29,Gold,F
4181,Hassan Qureshi,user4181@example.com,2023-12-08,Gold,M
4182,Ahmed Akram,user4182@example.com,2024-11-22,Gold,F
4183,Ali Khan,user4183@example.com,2024-06-03,Bronze,F
4184,Zain Akram,user4184@example.com,2023-05-03,Bronze,M
4185,Hassan Qureshi,user4185@example.com,2022-03-26,Bronze,M
4186,Sara Farooq,user4186@example.com,2023-12-14,Bronze,M
4187,Hassan Qureshi,user4187@example.com,2022-06-28,Bronze,M
4188,Aisha Ali,user4188@example.com,2023-01-02,Bronze,F
4189,Ahmed Akram,user4189@example.com,2022-05-26,Bronze,F
4190,Fatima Ali,user4190@example.com,2023-05-12,Bronze,M
4191,Aisha Shah,user4191@example.com,2024-02-03,Silver,M
4192,Zara Shah,user4192@example.com,2023-06-27,Silver,F
4193,Zain Raza,user4193@example.com,2022-06-18,Bronze,F
4194,Fatima Akram,user4194@example.com,2023-11-07,Silver,F
4195,Sara Raza,user4195@example.com,2023-09-10,Bronze,M
4196,Ali Farooq,user4196@example.com,2022-11-24,Silver,F
4197,Bilal Qureshi,user4197@example.com,2023-07-01,Bronze,M
4198,Sara Raza,user4198@example.com,2024-06-27,Bronze,M
4199,Hina Qureshi,user4199@example.com,2024-11-05,Bronze,M
4200,Hina Raza,user4200@example.com,2024-11-12,Bronze,M
4201,Hassan Qureshi,user4201@example.com,2022-06-26,Gold,F
4202,Zain Shah,user4202@example.com,2023-07-11,Silver,F
4203,Ahmed Akram,user4203@example.com,2022-04-07,Platinum,F
4204,Sara Hussain,user4204@example.com,2022-05-16,Bronze,M
4205,Sara Shah,user4205@example.com,2022-09-05,Bronze,M
4206,Amir Akram,user4206@example.com,2022-11-25,Bronze,F
4207,Zain Khan,user4207@example.com,2022-10-01,Gold,M
4208,Ali Farooq,user4208@example.com,2023-04-09,Bronze,M
4209,Bilal Akram,user4209@example.com,2024-07-12,Gold,M
4210,Amir Khan,user4210@example.com,2024-02-07,Platinum,M
4211,Omar Farooq,user4211@example.com,2022-12-30,Platinum,M
4212,Bilal Akram,user4212@example.com,2024-06-17,Platinum,F
4213,Omar Khan,user4213@example.com,2022-10-18,Silver,M
4214,Aisha Akram,user4214@example.com,2024-09-03,Silver,M
4215,Ahmed Akram,user4215@example.com,2024-08-27,Silver,M
4216,Aisha Raza,user4216@example.com,2024-01-05,Silver,M
4217,Bilal Raza,user4217@example.com,2024-05-19,Bronze,F
4218,Omar Akram,user4218@example.com,2023-08-12,Silver,F
4219,Fatima Akram,user4219@example.com,2024-09-15,Bronze,F
4220,Bilal Farooq,user4220@example.com,2022-08-13,Bronze,F
4221,Sara Khan,user4221@example.com,2023-01-31,Bronze,M
4222,Omar Farooq,user4222@example.com,2022-03-12,Silver,F
4223,Ahmed Farooq,user4223@example.com,2022-05-26,Bronze,F
4224,Zara Hussain,user4224@example.com,2024-11-19,Bronze,F
4225,Fatima Khan,user4225@example.com,2024-06-25,Bronze,F
4226,Ahmed Shah,user4226@example.com,2024-06-26,Bronze,F
4227,Amir Farooq,user4227@example.com,2024-11-22,Bronze,M
4228,Hassan Shah,user4228@example.com,2024-04-19,Bronze,M
4229,Hina Ali,user4229@example.com,2023-06-17,Bronze,M
4230,Zain Shah,user4230@example.com,2023-09-03,Bronze,M
4231,Ahmed Farooq,user4231@example.com,2024-10-30,Platinum,M
4232,Hassan Shah,user4232@example.com,2024-12-25,Gold,F
4233,Aisha Farooq,user4233@example.com,2023-07-11,Silver,M
4234,Ali Raza,user4234@example.com,2023-12-29,Bronze,F
4235,Amir Farooq,user4235@example.com,2023-10-21,Bronze,F
4236,Sara Hussain,user4236@example.com,2023-06-02,Bronze,M
4237,Ahmed Ali,user4237@example.com,2022-07-21,Silver,M
4238,Fatima Ali,user4238@example.com,2022-11-23,Bronze,M
4239,Ahmed Qureshi,user4239@example.com,2024-09-14,Gold,F
4240,Sara Shah,user4240@example.com,2023-04-18,Silver,M
4241,Zain Hussain,user4241@example.com,2024-05-18,Bronze,M
4242,Ali Qureshi,user4242@example.com,2024-04-17,Bronze,M
4243,Sara Khan,user4243@example.com,2022-07-23,Bronze,F
4244,Ali Hussain,user4244@example.com,2022-01-17,Platinum,F
4245,Fatima Ali,user4245@example.com,2022-04-25,Bronze,F
4246,Hina Qureshi,user4246@example.com,2024-04-27,Silver,F
4247,Zara Qureshi,user4247@example.com,2023-09-09,Bronze,M
4248,Zara Akram,user4248@example.com,2023-02-10,Bronze,M
4249,Amir Hussain,user4249@example.com,2022-06-22,Bronze,M
4250,Aisha Shah,user4250@example.com,2024-03-06,Bronze,M
4251,Omar Raza,user4251@example.com,2024-06-15,Bronze,F
4252,Sara Khan,user4252@example.com,2024-05-26,Bronze,M
4253,Zara Khan,user4253@example.com,2023-09-26,Bronze,M
4254,Ali Akram,user4254@example.com,2024-07-26,Bronze,M
4255,Aisha Farooq,user4255@example.com,2024-09-30,Silver,F
4256,Zara Raza,user4256@example.com,2023-10-09,Bronze,M
4257,Zain Hussain,user4257@example.com,2024-05-23,Bronze,M
4258,Sara Raza,user4258@example.com,2022-06-28,Silver,F
4259,Ahmed Khan,user4259@example.com,2024-03-06,Silver,M
4260,Zain Hussain,user4260@example.com,2022-05-09,Bronze,F
4261,Ahmed Shah,user4261@example.com,2024-01-14,Silver,F
4262,Ali Akram,user4262@example.com,2022-06-04,Bronze,M
4263,Aisha Raza,user4263@example.com,2022-06-20,Bronze,F
4264,Sara Ali,user4264@example.com,2022-03-09,Bronze,F
4265,Bilal Qureshi,user4265@example.com,2024-10-25,Silver,F
4266,Zain Khan,user4266@example.com,2022-07-05,Bronze,F
4267,Hina Akram,user4267@example.com,2022-05-27,Bronze,M
4268,Bilal Khan,user4268@example.com,2022-03-01,Silver,M
4269,Ali Raza,user4269@example.com,2023-09-07,Bronze,M
4270,Ali Akram,user4270@example.com,2022-11-11,Bronze,F
4271,Omar Shah,user4271@example.com,2022-06-25,Silver,M
4272,Aisha Farooq,user4272@example.com,2022-06-30,Bronze,F
4273,Ahmed Shah,user4273@example.com,2024-01-29,Bronze,F
4274,Bilal Hussain,user4274@example.com,2023-06-19,Silver,F
4275,Ahmed Ali,user4275@example.com,2024-09-14,Gold,M
4276,Hina Hussain,user4276@example.com,2024-12-12,Bronze,F
4277,Omar Akram,user4277@example.com,2022-10-08,Bronze,F
4278,Zara Raza,user4278@example.com,2024-09-24,Silver,F
4279,Fatima Farooq,user4279@example.com,2023-05-20,Bronze,M
4280,Sara Khan,user4280@example.com,2022-12-29,Platinum,F
4281,Bilal Hussain,user4281@example.com,2022-05-22,Bronze,M
4282,Hina Qureshi,user4282@example.com,2024-12-05,Silver,F
4283,Ahmed Raza,user4283@example.com,2024-03-01,Bronze,M
4284,Hassan Ali,user4284@example.com,2024-07-24,Bronze,M
4285,Hina Qureshi,user4285@example.com,2022-03-12,Bronze,F
4286,Fatima Akram,user4286@example.com,2023-06-13,Bronze,F
4287,Omar Raza,user4287@example.com,2024-08-06,Bronze,F
4288,Zara Akram,user4288@example.com,2022-07-31,Bronze,F
4289,Zain Qureshi,user4289@example.com,2022-10-11,Bronze,F
4290,Ali Farooq,user4290@example.com,2024-07-20,Bronze,F
4291,Bilal Hussain,user4291@example.com,2022-01-19,Bronze,M
4292,Hina Hussain,user4292@example.com,2024-07-17,Platinum,M
4293,Aisha Raza,user4293@example.com,2024-07-16,Bronze,M
4294,Zara Qureshi,user4294@example.com,2022-05-22,Bronze,F
4295,Ali Ali,user4295@example.com,2024-09-20,Bronze,F
4296,Zain Shah,user4296@example.com,2023-08-21,Gold,M
4297,Fatima Hussain,user4297@example.com,2024-10-30,Bronze,M
4298,Aisha Khan,user4298@example.com,2022-04-08,Platinum,M
4299,Bilal Raza,user4299@example.com,2023-10-18,Silver,M
4300,Hassan Akram,user4300@example.com,2022-02-10,Silver,F
4301,Sara Qureshi,user4301@example.com,2023-09-13,Silver,M
4302,Ali Qureshi,user4302@example.com,2023-08-28,Silver,F
4303,Zain Akram,user4303@example.com,2023-02-13,Silver,M
4304,Omar Ali,user4304@example.com,2023-11-14,Silver,M
4305,Hassan Akram,user4305@example.com,2022-02-21,Bronze,M
4306,Zara Qureshi,user4306@example.com,2022-12-23,Bronze,M
4307,Fatima Farooq,user4307@example.com,2022-08-05,Bronze,F
4308,Bilal Raza,user4308@example.com,2023-05-18,Bronze,M
4309,Sara Khan,user4309@example.com,2023-09-16,Silver,F
4310,Fatima Farooq,user4310@example.com,2024-01-21,Bronze,F
4311,Zara Ali,user4311@example.com,2023-01-18,Silver,M
4312,Hassan Raza,user4312@example.com,2022-06-25,Bronze,F
4313,Zain Qureshi,user4313@example.com,2024-10-17,Bronze,M
4314,Omar Khan,user4314@example.com,2023-05-30,Silver,F
4315,Fatima Shah,user4315@example.com,2022-10-13,Silver,F
4316,Omar Shah,user4316@example.com,2022-06-07,Silver,M
4317,Aisha Akram,user4317@example.com,2024-10-17,Silver,F
4318,Hina Ali,user4318@example.com,2023-12-14,Bronze,M
4319,Ahmed Akram,user4319@example.com,2023-02-24,Bronze,M
4320,Aisha Ali,user4320@example.com,2024-03-09,Silver,M
4321,Zain Raza,user4321@example.com,2023-04-22,Silver,M
4322,Hassan Shah,user4322@example.com,2022-08-25,Bronze,M
4323,Fatima Qureshi,user4323@example.com,2023-08-02,Gold,M
4324,Ahmed Khan,user4324@example.com,2022-01-11,Silver,M
4325,Amir Khan,user4325@example.com,2024-05-31,Platinum,M
4326,Ahmed Qureshi,user4326@example.com,2024-09-29,Gold,M
4327,Zain Hussain,user4327@example.com,2023-02-01,Silver,M
4328,Fatima Raza,user4328@example.com,2023-11-16,Bronze,F
4329,Aisha Farooq,user4329@example.com,2022-10-29,Bronze,M
4330,Sara Akram,user4330@example.com,2023-12-02,Bronze,F
4331,Hina Hussain,user4331@example.com,2024-09-21,Silver,M
4332,Fatima Khan,user4332@example.com,2022-12-31,Bronze,F
4333,Zara Ali,user4333@example.com,2023-06-13,Bronze,F
4334,Zain Akram,user4334@example.com,2024-07-10,Bronze,F
4335,Bilal Khan,user4335@example.com,2024-08-14,Platinum,M
4336,Ali Hussain,user4336@example.com,2022-11-10,Bronze,M
4337,Hassan Qureshi,user4337@example.com,2023-02-07,Bronze,M
4338,Amir Raza,user4338@example.com,2024-08-16,Bronze,F
4339,Aisha Hussain,user4339@example.com,2024-01-23,Bronze,M
4340,Hassan Khan,user4340@example.com,2023-05-20,Silver,F
4341,Ahmed Ali,user4341@example.com,2022-02-21,Silver,M
4342,Zara Shah,user4342@example.com,2023-01-10,Silver,M
4343,Sara Farooq,user4343@example.com,2023-02-08,Silver,M
4344,Omar Hussain,user4344@example.com,2022-11-15,Bronze,M
4345,Zain Hussain,user4345@example.com,2022-10-25,Bronze,F
4346,Aisha Shah,user4346@example.com,2022-07-26,Gold,M
4347,Fatima Farooq,user4347@example.com,2022-01-29,Bronze,F
4348,Hina Raza,user4348@example.com,2024-03-26,Bronze,M
4349,Aisha Khan,user4349@example.com,2022-03-27,Silver,F
4350,Hassan Khan,user4350@example.com,2024-05-12,Bronze,M
4351,Zain Shah,user4351@example.com,2022-03-09,Gold,M
4352,Zara Qureshi,user4352@example.com,2024-12-31,Gold,M
4353,Ahmed Farooq,user4353@example.com,2024-06-01,Bronze,M
4354,Zara Ali,user4354@example.com,2022-07-19,Gold,F
4355,Sara Ali,user4355@example.com,2024-01-01,Bronze,M
4356,Amir Akram,user4356@example.com,2023-10-10,Bronze,M
4357,Ahmed Akram,user4357@example.com,2023-04-25,Bronze,F
4358,Zara Shah,user4358@example.com,2024-03-25,Bronze,F
4359,Sara Farooq,user4359@example.com,2023-01-30,Bronze,M
4360,Hassan Ali,user4360@example.com,2024-06-26,Platinum,M
4361,Sara Shah,user4361@example.com,2023-07-09,Bronze,M
4362,Zain Raza,user4362@example.com,2023-05-23,Gold,M
4363,Ali Qureshi,user4363@example.com,2024-07-17,Bronze,F
4364,Fatima Raza,user4364@example.com,2023-06-05,Bronze,M
4365,Amir Khan,user4365@example.com,2024-12-27,Bronze,F
4366,Omar Raza,user4366@example.com,2023-05-28,Bronze,F
4367,Fatima Ali,user4367@example.com,2023-02-03,Bronze,F
4368,Fatima Raza,user4368@example.com,2023-06-23,Silver,F
4369,Aisha Raza,user4369@example.com,2023-08-20,Bronze,M
4370,Hina Hussain,user4370@example.com,2022-02-02,Bronze,F
4371,Zara Shah,user4371@example.com,2022-02-06,Silver,M
4372,Fatima Akram,user4372@example.com,2022-07-31,Bronze,M
4373,Ahmed Shah,user4373@example.com,2022-12-27,Silver,M
4374,Sara Qureshi,user4374@example.com,2022-07-30,Bronze,M
4375,Ali Shah,user4375@example.com,2023-07-26,Bronze,M
4376,Omar Hussain,user4376@example.com,2024-07-18,Platinum,M
4377,Ahmed Hussain,user4377@example.com,2024-11-21,Bronze,F
4378,Ahmed Farooq,user4378@example.com,2024-09-28,Silver,M
4379,Hassan Shah,user4379@example.com,2022-12-08,Bronze,M
4380,Zain Khan,user4380@example.com,2022-08-22,Bronze,M
4381,Sara Farooq,user4381@example.com,2023-06-24,Bronze,F
4382,Fatima Shah,user4382@example.com,2024-09-05,Bronze,F
4383,Ali Khan,user4383@example.com,2022-10-09,Bronze,F
4384,Sara Farooq,user4384@example.com,2022-02-11,Bronze,M
4385,Zain Khan,user4385@example.com,2024-02-29,Silver,F
4386,Aisha Ali,user4386@example.com,2024-09-13,Bronze,M
4387,Aisha Hussain,user4387@example.com,2023-10-25,Gold,F
4388,Omar Shah,user4388@example.com,2022-01-13,Bronze,F
4389,Fatima Ali,user4389@example.com,2024-12-26,Silver,M
4390,Hina Raza,user4390@example.com,2022-07-27,Bronze,M
4391,Ali Farooq,user4391@example.com,2024-06-20,Gold,M
4392,Ahmed Hussain,user4392@example.com,2022-08-26,Bronze,M
4393,Ali Akram,user4393@example.com,2022-02-07,Bronze,F
4394,Sara Farooq,user4394@example.com,2022-10-19,Silver,M
4395,Ahmed Ali,user4395@example.com,2023-08-28,Silver,M
4396,Sara Khan,user4396@example.com,2024-09-10,Bronze,F
4397,Hassan Hussain,user4397@example.com,2023-04-04,Silver,F
4398,Zain Farooq,user4398@example.com,2022-10-28,Bronze,F
4399,Bilal Akram,user4399@example.com,2024-07-17,Bronze,M
4400,Fatima Hussain,user4400@example.com,2022-04-06,Gold,F
4401,Aisha Akram,user4401@example.com,2023-05-01,Bronze,F
4402,Bilal Qureshi,user4402@example.com,2022-09-04,Bronze,M
4403,Sara Khan,user4403@example.com,2024-07-29,Gold,M
4404,Fatima Qureshi,user4404@example.com,2024-11-12,Bronze,M
4405,Hassan Ali,user4405@example.com,2022-06-25,Silver,M
4406,Bilal Raza,user4406@example.com,2022-11-30,Bronze,M
4407,Aisha Raza,user4407@example.com,2023-07-15,Gold,M
4408,Hina Qureshi,user4408@example.com,2023-12-09,Silver,M
4409,Zara Raza,user4409@example.com,2023-05-27,Silver,F
4410,Hassan Ali,user4410@example.com,2023-10-26,Bronze,M
4411,Zara Qureshi,user4411@example.com,2023-10-20,Bronze,F
4412,Sara Khan,user4412@example.com,2022-02-11,Platinum,M
4413,Sara Akram,user4413@example.com,2022-08-01,Bronze,M
4414,Amir Farooq,user4414@example.com,2022-03-21,Gold,M
4415,Hina Raza,user4415@example.com,2024-07-07,Bronze,F
4416,Hassan Akram,user4416@example.com,2024-09-19,Bronze,F
4417,Hassan Hussain,user4417@example.com,2024-01-25,Bronze,F
4418,Hassan Khan,user4418@example.com,2024-08-29,Bronze,M
4419,Zain Shah,user4419@example.com,2023-07-29,Bronze,F
4420,Ahmed Raza,user4420@example.com,2024-11-28,Silver,M
4421,Fatima Hussain,user4421@example.com,2023-05-07,Bronze,F
4422,Hassan Qureshi,user4422@example.com,2022-03-13,Bronze,M
4423,Zara Khan,user4423@example.com,2022-10-17,Bronze,F
4424,Fatima Farooq,user4424@example.com,2022-03-21,Bronze,M
4425,Zara Qureshi,user4425@example.com,2022-02-28,Silver,F
4426,Bilal Khan,user4426@example.com,2022-03-20,Silver,M
4427,Aisha Ali,user4427@example.com,2022-05-06,Gold,F
4428,Zain Ali,user4428@example.com,2023-03-28,Bronze,M
4429,Zara Hussain,user4429@example.com,2023-05-13,Bronze,M
4430,Sara Akram,user4430@example.com,2022-10-27,Platinum,M
4431,Bilal Akram,user4431@example.com,2024-07-02,Bronze,F
4432,Bilal Akram,user4432@example.com,2023-01-01,Bronze,M
4433,Bilal Farooq,user4433@example.com,2024-03-14,Platinum,F
4434,Zara Qureshi,user4434@example.com,2022-04-25,Bronze,M
4435,Amir Raza,user4435@example.com,2022-01-31,Bronze,M
4436,Sara Hussain,user4436@example.com,2022-09-27,Bronze,F
4437,Ahmed Farooq,user4437@example.com,2023-04-02,Gold,M
4438,Zara Shah,user4438@example.com,2024-05-23,Bronze,F
4439,Hina Raza,user4439@example.com,2024-11-08,Bronze,F
4440,Amir Khan,user4440@example.com,2023-07-11,Gold,F
4441,Bilal Hussain,user4441@example.com,2022-06-10,Bronze,M
4442,Fatima Khan,user4442@example.com,2023-02-03,Bronze,F
4443,Hassan Shah,user4443@example.com,2023-08-29,Silver,M
4444,Fatima Hussain,user4444@example.com,2024-03-28,Bronze,M
4445,Zara Raza,user4445@example.com,2022-10-14,Bronze,F
4446,Ali Shah,user4446@example.com,2022-07-22,Silver,F
4447,Sara Akram,user4447@example.com,2024-07-03,Silver,F
4448,Ali Shah,user4448@example.com,2024-03-14,Gold,M
4449,Bilal Shah,user4449@example.com,2022-09-10,Silver,M
4450,Sara Akram,user4450@example.com,2022-09-11,Bronze,F
4451,Amir Khan,user4451@example.com,2024-07-30,Platinum,F
4452,Zain Hussain,user4452@example.com,2024-06-19,Bronze,F
4453,Hassan Farooq,user4453@example.com,2024-04-30,Silver,F
4454,Zain Raza,user4454@example.com,2024-11-20,Bronze,F
4455,Ahmed Akram,user4455@example.com,2022-10-18,Bronze,M
4456,Sara Shah,user4456@example.com,2022-09-19,Bronze,F
4457,Hassan Akram,user4457@example.com,2022-02-04,Bronze,F
4458,Zain Qureshi,user4458@example.com,2024-09-26,Silver,M
4459,Zara Hussain,user4459@example.com,2024-04-27,Bronze,M
4460,Omar Ali,user4460@example.com,2022-06-06,Silver,F
4461,Bilal Akram,user4461@example.com,2024-01-11,Bronze,M
4462,Bilal Ali,user4462@example.com,2022-07-23,Silver,M
4463,Amir Akram,user4463@example.com,2024-05-20,Gold,M
4464,Hassan Shah,user4464@example.com,2022-03-21,Gold,F
4465,Hina Ali,user4465@example.com,2024-05-11,Platinum,F
4466,Bilal Farooq,user4466@example.com,2023-08-11,Silver,M
4467,Omar Qureshi,user4467@example.com,2023-09-07,Bronze,M
4468,Zain Ali,user4468@example.com,2023-06-05,Bronze,M
4469,Aisha Shah,user4469@example.com,2022-06-02,Silver,M
4470,Fatima Akram,user4470@example.com,2024-05-06,Gold,M
4471,Amir Hussain,user4471@example.com,2023-03-20,Bronze,M
4472,Omar Akram,user4472@example.com,2023-12-27,Bronze,M
4473,Hina Shah,user4473@example.com,2024-09-23,Bronze,M
4474,Ahmed Farooq,user4474@example.com,2023-12-01,Bronze,F
4475,Fatima Khan,user4475@example.com,2022-03-01,Bronze,M
4476,Bilal Farooq,user4476@example.com,2022-10-10,Silver,M
4477,Omar Qureshi,user4477@example.com,2023-11-01,Silver,F
4478,Fatima Hussain,user4478@example.com,2022-05-25,Bronze,M
4479,Ali Shah,user4479@example.com,2023-01-17,Silver,F
4480,Fatima Farooq,user4480@example.com,2023-09-22,Bronze,M
4481,Ahmed Raza,user4481@example.com,2023-02-28,Silver,M
4482,Zara Khan,user4482@example.com,2022-12-13,Silver,F
4483,Hassan Ali,user4483@example.com,2023-09-06,Platinum,F
4484,Amir Qureshi,user4484@example.com,2022-09-19,Platinum,M
4485,Fatima Raza,user4485@example.com,2022-10-17,Silver,M
4486,Hassan Farooq,user4486@example.com,2022-02-14,Bronze,M
4487,Omar Khan,user4487@example.com,2022-08-28,Silver,M
4488,Ali Farooq,user4488@example.com,2023-12-22,Silver,F
4489,Ali Shah,user4489@example.com,2024-03-09,Bronze,M
4490,Hina Shah,user4490@example.com,2022-05-07,Bronze,F
4491,Ahmed Qureshi,user4491@example.com,2022-10-10,Silver,F
4492,Zara Raza,user4492@example.com,2022-11-20,Silver,M
4493,Fatima Khan,user4493@example.com,2024-08-03,Silver,F
4494,Bilal Raza,user4494@example.com,2024-03-08,Bronze,M
4495,Fatima Farooq,user4495@example.com,2022-09-22,Silver,M
4496,Bilal Hussain,user4496@example.com,2023-11-03,Bronze,F
4497,Hassan Hussain,user4497@example.com,2024-09-14,Bronze,M
4498,Ali Qureshi,user4498@example.com,2024-10-28,Bronze,F
4499,Hassan Raza,user4499@example.com,2022-04-23,Bronze,F
4500,Zain Shah,user4500@example.com,2023-12-20,Gold,M
4501,Ali Qureshi,user4501@example.com,2023-10-14,Platinum,F
4502,Bilal Ali,user4502@example.com,2022-07-28,Bronze,F
4503,Omar Qureshi,user4503@example.com,2023-10-09,Silver,F
4504,Bilal Shah,user4504@example.com,2023-06-27,Bronze,F
4505,Bilal Hussain,user4505@example.com,2024-12-05,Silver,M
4506,Hassan Akram,user4506@example.com,2024-08-18,Silver,M
4507,Ali Qureshi,user4507@example.com,2022-01-10,Gold,M
4508,Zara Shah,user4508@example.com,2023-08-12,Bronze,M
4509,Ahmed Hussain,user4509@example.com,2022-01-09,Bronze,F
4510,Bilal Akram,user4510@example.com,2023-08-02,Gold,M
4511,Amir Hussain,user4511@example.com,2024-01-15,Silver,M
4512,Sara Ali,user4512@example.com,2022-12-10,Platinum,F
4513,Zara Akram,user4513@example.com,2023-07-23,Bronze,M
4514,Amir Raza,user4514@example.com,2024-02-04,Bronze,F
4515,Hina Shah,user4515@example.com,2024-09-20,Bronze,M
4516,Hina Farooq,user4516@example.com,2024-06-09,Bronze,F
4517,Amir Khan,user4517@example.com,2024-10-18,Bronze,F
4518,Fatima Khan,user4518@example.com,2024-12-12,Gold,M
4519,Amir Qureshi,user4519@example.com,2022-02-09,Silver,F
4520,Fatima Qureshi,user4520@example.com,2023-12-06,Gold,M
4521,Amir Raza,user4521@example.com,2024-11-26,Bronze,F
4522,Zara Akram,user4522@example.com,2022-12-22,Bronze,M
4523,Omar Qureshi,user4523@example.com,2023-07-15,Bronze,F
4524,Omar Hussain,user4524@example.com,2023-01-05,Platinum,M
4525,Ahmed Raza,user4525@example.com,2022-04-19,Bronze,F
4526,Ahmed Khan,user4526@example.com,2023-03-08,Gold,F
4527,Ahmed Qureshi,user4527@example.com,2023-01-02,Gold,M
4528,Aisha Farooq,user4528@example.com,2022-12-22,Silver,M
4529,Bilal Farooq,user4529@example.com,2022-03-06,Bronze,M
4530,Fatima Ali,user4530@example.com,2024-05-22,Bronze,M
4531,Ali Akram,user4531@example.com,2024-09-16,Bronze,F
4532,Zain Akram,user4532@example.com,2024-11-06,Bronze,F
4533,Aisha Khan,user4533@example.com,2022-08-27,Bronze,M
4534,Sara Qureshi,user4534@example.com,2022-11-27,Gold,F
4535,Bilal Qureshi,user4535@example.com,2023-06-14,Gold,M
4536,Aisha Shah,user4536@example.com,2022-10-22,Bronze,M
4537,Sara Akram,user4537@example.com,2022-03-13,Bronze,M
4538,Zara Qureshi,user4538@example.com,2023-12-31,Bronze,F
4539,Amir Ali,user4539@example.com,2024-07-23,Silver,F
4540,Fatima Raza,user4540@example.com,2023-10-06,Bronze,F
4541,Bilal Hussain,user4541@example.com,2023-03-14,Platinum,F
4542,Ahmed Farooq,user4542@example.com,2022-06-26,Bronze,M
4543,Hassan Qureshi,user4543@example.com,2023-04-18,Bronze,M
4544,Ahmed Hussain,user4544@example.com,2022-06-19,Platinum,F
4545,Ahmed Raza,user4545@example.com,2022-09-17,Silver,M
4546,Sara Akram,user4546@example.com,2024-03-05,Bronze,M
4547,Omar Akram,user4547@example.com,2023-12-15,Silver,M
4548,Zain Shah,user4548@example.com,2024-06-22,Bronze,F
4549,Hina Qureshi,user4549@example.com,2023-10-22,Bronze,M
4550,Hassan Akram,user4550@example.com,2023-02-22,Bronze,M
4551,Hina Hussain,user4551@example.com,2024-12-22,Bronze,F
4552,Omar Shah,user4552@example.com,2022-07-13,Bronze,M
4553,Fatima Farooq,user4553@example.com,2022-10-28,Silver,M
4554,Hassan Farooq,user4554@example.com,2024-02-08,Gold,M
4555,Sara Farooq,user4555@example.com,2023-11-30,Bronze,M
4556,Hassan Ali,user4556@example.com,2024-07-15,Bronze,M
4557,Hassan Ali,user4557@example.com,2022-09-18,Silver,F
4558,Hina Khan,user4558@example.com,2023-08-05,Bronze,F
4559,Bilal Farooq,user4559@example.com,2023-09-24,Bronze,F
4560,Hassan Farooq,user4560@example.com,2024-06-21,Silver,F
4561,Zara Hussain,user4561@example.com,2022-03-30,Bronze,M
4562,Ahmed Khan,user4562@example.com,2023-08-26,Bronze,M
4563,Hina Raza,user4563@example.com,2022-02-03,Bronze,F
4564,Ali Hussain,user4564@example.com,2024-06-30,Bronze,F
4565,Ahmed Khan,user4565@example.com,2023-08-13,Bronze,M
4566,Amir Farooq,user4566@example.com,2022-12-30,Bronze,M
4567,Aisha Hussain,user4567@example.com,2022-01-10,Gold,M
4568,Bilal Raza,user4568@example.com,2024-06-12,Bronze,F
4569,Sara Shah,user4569@example.com,2024-01-31,Bronze,M
4570,Zain Shah,user4570@example.com,2024-01-10,Silver,F
4571,Zain Qureshi,user4571@example.com,2024-03-31,Silver,M
4572,Sara Khan,user4572@example.com,2023-02-18,Silver,M
4573,Fatima Qureshi,user4573@example.com,2023-10-19,Bronze,F
4574,Zain Shah,user4574@example.com,2023-05-22,Silver,F
4575,Sara Raza,user4575@example.com,2024-01-29,Bronze,M
4576,Omar Farooq,user4576@example.com,2022-11-30,Bronze,F
4577,Zara Raza,user4577@example.com,2023-12-29,Bronze,F
4578,Hina Hussain,user4578@example.com,2022-12-08,Bronze,F
4579,Hassan Akram,user4579@example.com,2023-10-20,Bronze,F
4580,Fatima Akram,user4580@example.com,2024-09-18,Silver,M
4581,Bilal Ali,user4581@example.com,2022-04-10,Bronze,M
4582,Sara Farooq,user4582@example.com,2022-05-05,Silver,F
4583,Hassan Ali,user4583@example.com,2024-05-31,Silver,M
4584,Aisha Shah,user4584@example.com,2022-11-05,Silver,M
4585,Hina Akram,user4585@example.com,2023-09-07,Bronze,M
4586,Omar Shah,user4586@example.com,2023-11-19,Bronze,M
4587,Bilal Khan,user4587@example.com,2024-12-12,Bronze,M
4588,Bilal Raza,user4588@example.com,2022-01-08,Bronze,M
4589,Amir Raza,user4589@example.com,2022-10-08,Bronze,F
4590,Fatima Khan,user4590@example.com,2023-03-26,Bronze,F
4591,Omar Shah,user4591@example.com,2022-11-28,Bronze,M
4592,Hassan Raza,user4592@example.com,2023-11-24,Silver,M
4593,Amir Ali,user4593@example.com,2024-06-14,Bronze,M
4594,Amir Raza,user4594@example.com,2022-03-07,Bronze,F
4595,Amir Farooq,user4595@example.com,2023-12-19,Platinum,F
4596,Ahmed Ali,user4596@example.com,2023-11-18,Silver,F
4597,Aisha Khan,user4597@example.com,2024-11-21,Bronze,M
4598,Aisha Khan,user4598@example.com,2023-06-18,Bronze,M
4599,Sara Qureshi,user4599@example.com,2024-10-15,Silver,M
4600,Amir Akram,user4600@example.com,2023-02-26,Bronze,F
4601,Aisha Raza,user4601@example.com,2022-11-21,Bronze,F
4602,Hassan Qureshi,user4602@example.com,2024-03-03,Silver,M
4603,Omar Raza,user4603@example.com,2024-10-24,Bronze,F
4604,Omar Raza,user4604@example.com,2022-03-10,Bronze,F
4605,Hassan Ali,user4605@example.com,2022-07-30,Bronze,F
4606,Ahmed Shah,user4606@example.com,2023-06-02,Silver,M
4607,Hina Akram,user4607@example.com,2023-02-21,Silver,M
4608,Zara Ali,user4608@example.com,2022-02-22,Bronze,M
4609,Fatima Shah,user4609@example.com,2023-01-30,Bronze,M
4610,Zara Farooq,user4610@example.com,2022-09-20,Gold,F
4611,Ahmed Raza,user4611@example.com,2023-04-30,Gold,F
4612,Zara Ali,user4612@example.com,2024-08-02,Bronze,M
4613,Zain Raza,user4613@example.com,2022-06-27,Bronze,M
4614,Zara Farooq,user4614@example.com,2022-04-01,Bronze,F
4615,Zara Raza,user4615@example.com,2023-08-01,Silver,F
4616,Amir Akram,user4616@example.com,2022-05-18,Bronze,F
4617,Hassan Raza,user4617@example.com,2023-07-17,Silver,M
4618,Hassan Hussain,user4618@example.com,2022-04-17,Silver,F
4619,Omar Qureshi,user4619@example.com,2022-01-06,Bronze,M
4620,Hina Ali,user4620@example.com,2023-02-24,Bronze,M
4621,Zara Qureshi,user4621@example.com,2024-09-27,Bronze,M
4622,Omar Shah,user4622@example.com,2022-08-31,Bronze,F
4623,Ahmed Hussain,user4623@example.com,2024-10-11,Bronze,F
4624,Zara Akram,user4624@example.com,2024-02-25,Bronze,M
4625,Omar Farooq,user4625@example.com,2023-03-21,Bronze,M
4626,Aisha Shah,user4626@example.com,2022-11-17,Bronze,M
4627,Omar Akram,user4627@example.com,2024-03-01,Platinum,M
4628,Bilal Hussain,user4628@example.com,2024-11-21,Silver,M
4629,Zara Raza,user4629@example.com,2023-12-14,Bronze,M
4630,Ali Raza,user4630@example.com,2024-06-16,Bronze,M
4631,Ahmed Akram,user4631@example.com,2024-01-26,Silver,M
4632,Zara Farooq,user4632@example.com,2024-09-05,Bronze,F
4633,Sara Khan,user4633@example.com,2024-06-12,Gold,M
4634,Fatima Khan,user4634@example.com,2023-06-02,Bronze,F
4635,Ali Shah,user4635@example.com,2024-03-24,Bronze,F
4636,Zara Akram,user4636@example.com,2024-06-01,Bronze,M
4637,Sara Khan,user4637@example.com,2024-08-05,Silver,M
4638,Hassan Akram,user4638@example.com,2022-03-07,Bronze,F
4639,Ali Khan,user4639@example.com,2024-02-24,Silver,F
4640,Omar Qureshi,user4640@example.com,2023-06-07,Bronze,M
4641,Amir Farooq,user4641@example.com,2022-10-05,Gold,M
4642,Aisha Hussain,user4642@example.com,2023-06-22,Bronze,M
4643,Bilal Akram,user4643@example.com,2022-08-30,Gold,F
4644,Hassan Hussain,user4644@example.com,2022-08-31,Gold,F
4645,Bilal Akram,user4645@example.com,2023-08-11,Bronze,M
4646,Amir Farooq,user4646@example.com,2022-03-20,Bronze,M
4647,Omar Shah,user4647@example.com,2023-07-02,Gold,M
4648,Hassan Akram,user4648@example.com,2022-05-21,Silver,M
4649,Fatima Khan,user4649@example.com,2023-10-24,Bronze,F
4650,Bilal Farooq,user4650@example.com,2024-09-24,Platinum,F
4651,Fatima Qureshi,user4651@example.com,2024-10-15,Bronze,F
4652,Ali Shah,user4652@example.com,2022-08-23,Silver,F
4653,Ali Ali,user4653@example.com,2024-09-20,Bronze,M
4654,Fatima Raza,user4654@example.com,2023-03-16,Silver,F
4655,Zara Farooq,user4655@example.com,2022-02-03,Bronze,F
4656,Fatima Ali,user4656@example.com,2023-04-07,Gold,M
4657,Zain Akram,user4657@example.com,2023-01-27,Bronze,M
4658,Hina Farooq,user4658@example.com,2023-10-26,Bronze,F
4659,Omar Hussain,user4659@example.com,2024-06-16,Silver,M
4660,Zain Shah,user4660@example.com,2022-04-26,Bronze,F
4661,Ahmed Shah,user4661@example.com,2024-10-20,Bronze,F
4662,Zain Qureshi,user4662@example.com,2024-05-22,Bronze,F
4663,Hassan Farooq,user4663@example.com,2023-08-11,Bronze,M
4664,Sara Farooq,user4664@example.com,2023-02-14,Bronze,M
4665,Sara Qureshi,user4665@example.com,2023-08-07,Bronze,F
4666,Ahmed Farooq,user4666@example.com,2024-04-03,Bronze,F
4667,Hassan Qureshi,user4667@example.com,2023-02-04,Bronze,M
4668,Zara Shah,user4668@example.com,2024-04-13,Gold,M
4669,Hina Raza,user4669@example.com,2023-01-22,Bronze,M
4670,Hina Akram,user4670@example.com,2023-04-06,Bronze,F
4671,Ali Raza,user4671@example.com,2022-07-18,Silver,M
4672,Hina Ali,user4672@example.com,2023-06-10,Bronze,M
4673,Amir Farooq,user4673@example.com,2023-06-08,Silver,F
4674,Bilal Akram,user4674@example.com,2024-10-26,Bronze,F
4675,Amir Khan,user4675@example.com,2024-11-02,Bronze,F
4676,Fatima Ali,user4676@example.com,2024-10-08,Bronze,F
4677,Ahmed Ali,user4677@example.com,2022-05-06,Silver,F
4678,Ahmed Farooq,user4678@example.com,2023-10-13,Silver,M
4679,Hina Shah,user4679@example.com,2023-08-29,Bronze,M
4680,Hina Hussain,user4680@example.com,2024-11-28,Bronze,M
4681,Sara Khan,user4681@example.com,2023-10-24,Gold,M
4682,Zara Khan,user4682@example.com,2022-11-07,Gold,F
4683,Aisha Farooq,user4683@example.com,2022-03-14,Silver,M
4684,Ali Khan,user4684@example.com,2022-11-09,Bronze,F
4685,Hassan Farooq,user4685@example.com,2022-12-25,Bronze,F
4686,Ali Khan,user4686@example.com,2023-05-13,Silver,F
4687,Ahmed Ali,user4687@example.com,2022-08-22,Bronze,F
4688,Omar Qureshi,user4688@example.com,2023-01-27,Bronze,F
4689,Zara Raza,user4689@example.com,2024-03-22,Bronze,M
4690,Hassan Hussain,user4690@example.com,2023-08-17,Silver,F
4691,Zain Shah,user4691@example.com,2022-08-25,Bronze,M
4692,Ahmed Raza,user4692@example.com,2023-03-26,Bronze,M
4693,Amir Farooq,user4693@example.com,2022-08-02,Bronze,M
4694,Amir Ali,user4694@example.com,2024-10-31,Bronze,F
4695,Zain Qureshi,user4695@example.com,2023-11-02,Gold,M
4696,Zain Akram,user4696@example.com,2023-01-24,Gold,F
4697,Ahmed Qureshi,user4697@example.com,2022-12-23,Bronze,F
4698,Hassan Qureshi,user4698@example.com,2024-11-23,Bronze,M
4699,Ali Hussain,user4699@example.com,2022-01-27,Gold,M
4700,Aisha Shah,user4700@example.com,2024-06-17,Silver,M
4701,Omar Khan,user4701@example.com,2024-02-22,Silver,F
4702,Fatima Hussain,user4702@example.com,2023-11-05,Bronze,M
4703,Bilal Qureshi,user4703@example.com,2022-09-04,Bronze,M
4704,Zain Ali,user4704@example.com,2023-03-20,Bronze,F
4705,Zain Shah,user4705@example.com,2024-05-20,Silver,M
4706,Bilal Khan,user4706@example.com,2024-11-11,Silver,M
4707,Bilal Qureshi,user4707@example.com,2023-05-16,Bronze,F
4708,Aisha Ali,user4708@example.com,2023-01-19,Bronze,F
4709,Sara Farooq,user4709@example.com,2022-07-23,Bronze,F
4710,Zain Farooq,user4710@example.com,2023-06-20,Bronze,M
4711,Fatima Qureshi,user4711@example.com,2024-10-09,Bronze,F
4712,Hina Khan,user4712@example.com,2023-06-24,Bronze,F
4713,Sara Khan,user4713@example.com,2023-01-07,Silver,M
4714,Zain Hussain,user4714@example.com,2024-04-23,Bronze,M
4715,Ahmed Ali,user4715@example.com,2024-10-26,Bronze,F
4716,Hina Ali,user4716@example.com,2022-05-03,Bronze,M
4717,Amir Raza,user4717@example.com,2023-02-11,Bronze,F
4718,Amir Shah,user4718@example.com,2023-08-09,Bronze,F
4719,Zara Hussain,user4719@example.com,2023-04-14,Silver,M
4720,Hassan Ali,user4720@example.com,2022-06-26,Silver,F
4721,Zara Qureshi,user4721@example.com,2022-03-01,Gold,M
4722,Sara Raza,user4722@example.com,2023-10-22,Silver,F
4723,Hina Ali,user4723@example.com,2023-06-20,Bronze,M
4724,Zara Qureshi,user4724@example.com,2023-06-08,Bronze,M
4725,Hassan Shah,user4725@example.com,2024-05-01,Bronze,F
4726,Hassan Farooq,user4726@example.com,2023-05-03,Platinum,M
4727,Ali Akram,user4727@example.com,2024-01-26,Bronze,M
4728,Fatima Akram,user4728@example.com,2024-04-07,Bronze,M
4729,Zain Shah,user4729@example.com,2024-05-30,Silver,M
4730,Zara Shah,user4730@example.com,2022-03-28,Bronze,M
4731,Amir Shah,user4731@example.com,2022-04-18,Bronze,M
4732,Sara Khan,user4732@example.com,2024-01-20,Bronze,M
4733,Zara Farooq,user4733@example.com,2023-10-21,Silver,M
4734,Zara Ali,user4734@example.com,2023-10-05,Bronze,F
4735,Omar Shah,user4735@example.com,2022-05-26,Gold,F
4736,Omar Farooq,user4736@example.com,2024-03-09,Gold,F
4737,Omar Farooq,user4737@example.com,2022-01-01,Bronze,M
4738,Amir Qureshi,user4738@example.com,2024-01-26,Bronze,F
4739,Hina Shah,user4739@example.com,2022-08-22,Gold,M
4740,Sara Shah,user4740@example.com,2024-05-26,Bronze,M
4741,Hassan Ali,user4741@example.com,2022-05-17,Platinum,M
4742,Fatima Ali,user4742@example.com,2023-02-14,Bronze,M
4743,Aisha Farooq,user4743@example.com,2022-09-19,Silver,M
4744,Amir Raza,user4744@example.com,2022-12-18,Bronze,F
4745,Zain Khan,user4745@example.com,2023-04-11,Silver,F
4746,Bilal Hussain,user4746@example.com,2022-12-22,Bronze,M
4747,Amir Farooq,user4747@example.com,2024-01-20,Silver,F
4748,Zara Raza,user4748@example.com,2024-10-23,Bronze,M
4749,Hina Shah,user4749@example.com,2022-09-27,Gold,F
4750,Bilal Qureshi,user4750@example.com,2023-07-18,Silver,M
4751,Hassan Ali,user4751@example.com,2024-11-06,Platinum,F
4752,Amir Akram,user4752@example.com,2024-01-19,Bronze,M
4753,Amir Hussain,user4753@example.com,2023-01-12,Silver,F
4754,Sara Shah,user4754@example.com,2024-02-26,Bronze,F
4755,Fatima Farooq,user4755@example.com,2022-01-18,Bronze,F
4756,Bilal Ali,user4756@example.com,2022-04-14,Bronze,M
4757,Ali Raza,user4757@example.com,2023-01-09,Bronze,M
4758,Omar Raza,user4758@example.com,2024-06-08,Bronze,M
4759,Amir Akram,user4759@example.com,2024-10-24,Silver,M
4760,Sara Farooq,user4760@example.com,2024-01-19,Bronze,M
4761,Amir Hussain,user4761@example.com,2023-07-02,Bronze,M
4762,Sara Hussain,user4762@example.com,2022-05-26,Gold,F
4763,Sara Hussain,user4763@example.com,2024-09-01,Bronze,F
4764,Omar Ali,user4764@example.com,2022-06-28,Bronze,M
4765,Zain Khan,user4765@example.com,2023-08-01,Bronze,F
4766,Hassan Akram,user4766@example.com,2023-08-07,Silver,M
4767,Amir Shah,user4767@example.com,2022-10-20,Bronze,M
4768,Zain Khan,user4768@example.com,2024-03-06,Bronze,F
4769,Ali Qureshi,user4769@example.com,2023-10-13,Silver,M
4770,Amir Qureshi,user4770@example.com,2022-11-21,Silver,M
4771,Sara Shah,user4771@example.com,2023-01-03,Bronze,F
4772,Bilal Raza,user4772@example.com,2022-03-21,Gold,F
4773,Hina Raza,user4773@example.com,2023-07-12,Silver,F
4774,Bilal Raza,user4774@example.com,2023-06-05,Gold,F
4775,Omar Akram,user4775@example.com,2022-11-16,Bronze,M
4776,Fatima Ali,user4776@example.com,2023-11-15,Bronze,M
4777,Bilal Ali,user4777@example.com,2024-04-27,Silver,F
4778,Bilal Qureshi,user4778@example.com,2023-03-17,Platinum,F
4779,Zara Shah,user4779@example.com,2022-02-16,Bronze,F
4780,Zara Farooq,user4780@example.com,2022-02-24,Platinum,F
4781,Ahmed Shah,user4781@example.com,2022-09-13,Bronze,M
4782,Ahmed Raza,user4782@example.com,2022-03-16,Bronze,M
4783,Ahmed Shah,user4783@example.com,2024-11-26,Silver,M
4784,Zain Khan,user4784@example.com,2024-07-24,Bronze,F
4785,Zara Hussain,user4785@example.com,2022-11-03,Bronze,F
4786,Ali Ali,user4786@example.com,2022-01-07,Bronze,F
4787,Hassan Farooq,user4787@example.com,2023-05-15,Bronze,F
4788,Amir Khan,user4788@example.com,2024-03-01,Bronze,M
4789,Sara Qureshi,user4789@example.com,2022-01-10,Bronze,F
4790,Zara Akram,user4790@example.com,2024-01-06,Bronze,F
4791,Ali Raza,user4791@example.com,2022-11-19,Bronze,F
4792,Omar Akram,user4792@example.com,2024-02-29,Bronze,M
4793,Hina Raza,user4793@example.com,2022-09-27,Bronze,M
4794,Zain Qureshi,user4794@example.com,2023-04-20,Bronze,M
4795,Ali Hussain,user4795@example.com,2023-09-05,Silver,M
4796,Aisha Akram,user4796@example.com,2023-01-05,Silver,M
4797,Fatima Hussain,user4797@example.com,2022-01-15,Platinum,F
4798,Hina Khan,user4798@example.com,2023-06-17,Platinum,F
4799,Zara Farooq,user4799@example.com,2022-04-27,Bronze,F
4800,Hassan Raza,user4800@example.com,2024-02-13,Bronze,F
4801,Ahmed Qureshi,user4801@example.com,2023-07-31,Bronze,M
4802,Amir Shah,user4802@example.com,2023-06-27,Bronze,M
4803,Zara Ali,user4803@example.com,2024-05-06,Bronze,F
4804,Ali Qureshi,user4804@example.com,2022-11-20,Gold,F
4805,Omar Farooq,user4805@example.com,2023-07-11,Bronze,M
4806,Omar Hussain,user4806@example.com,2024-11-16,Bronze,M
4807,Omar Ali,user4807@example.com,2022-04-02,Gold,M
4808,Zara Ali,user4808@example.com,2024-08-16,Gold,M
4809,Hina Ali,user4809@example.com,2024-07-03,Silver,M
4810,Zain Qureshi,user4810@example.com,2022-08-31,Bronze,M
4811,Omar Akram,user4811@example.com,2022-06-11,Silver,F
4812,Ahmed Khan,user4812@example.com,2023-06-05,Bronze,F
4813,Bilal Qureshi,user4813@example.com,2024-11-15,Bronze,M
4814,Zain Raza,user4814@example.com,2022-05-31,Bronze,M
4815,Hassan Akram,user4815@example.com,2023-07-24,Bronze,M
4816,Ali Akram,user4816@example.com,2022-12-28,Silver,F
4817,Ali Ali,user4817@example.com,2024-03-11,Bronze,M
4818,Fatima Qureshi,user4818@example.com,2024-11-14,Bronze,M
4819,Bilal Ali,user4819@example.com,2022-04-05,Bronze,M
4820,Hassan Akram,user4820@example.com,2024-05-26,Silver,M
4821,Sara Qureshi,user4821@example.com,2022-06-29,Silver,F
4822,Zara Akram,user4822@example.com,2023-03-06,Bronze,F
4823,Omar Hussain,user4823@example.com,2022-06-16,Bronze,M
4824,Hina Shah,user4824@example.com,2024-12-21,Bronze,M
4825,Fatima Farooq,user4825@example.com,2023-02-19,Bronze,F
4826,Zain Farooq,user4826@example.com,2022-07-16,Platinum,M
4827,Zain Farooq,user4827@example.com,2022-08-22,Silver,F
4828,Aisha Ali,user4828@example.com,2022-10-22,Bronze,F
4829,Zain Qureshi,user4829@example.com,2023-12-27,Bronze,F
4830,Bilal Farooq,user4830@example.com,2023-03-31,Bronze,M
4831,Zain Akram,user4831@example.com,2022-12-06,Bronze,M
4832,Fatima Ali,user4832@example.com,2023-09-30,Silver,F
4833,Hina Farooq,user4833@example.com,2022-02-20,Silver,F
4834,Fatima Ali,user4834@example.com,2022-03-14,Bronze,F
4835,Aisha Raza,user4835@example.com,2024-12-24,Silver,M
4836,Sara Farooq,user4836@example.com,2023-07-29,Gold,F
4837,Omar Khan,user4837@example.com,2023-09-24,Bronze,M
4838,Hina Farooq,user4838@example.com,2022-12-19,Bronze,M
4839,Aisha Farooq,user4839@example.com,2023-01-03,Bronze,M
4840,Amir Qureshi,user4840@example.com,2024-12-31,Bronze,M
4841,Bilal Khan,user4841@example.com,2023-02-24,Gold,M
4842,Ahmed Shah,user4842@example.com,2022-05-01,Bronze,F
4843,Ahmed Farooq,user4843@example.com,2023-02-27,Silver,F
4844,Zara Qureshi,user4844@example.com,2024-04-04,Silver,F
4845,Omar Shah,user4845@example.com,2024-01-30,Silver,M
4846,Fatima Qureshi,user4846@example.com,2023-11-30,Silver,F
4847,Hina Raza,user4847@example.com,2024-08-18,Gold,F
4848,Ali Shah,user4848@example.com,2022-06-20,Bronze,F
4849,Sara Qureshi,user4849@example.com,2022-11-18,Silver,M
4850,Bilal Qureshi,user4850@example.com,2024-12-12,Silver,M
4851,Bilal Farooq,user4851@example.com,2022-04-10,Gold,M
4852,Amir Akram,user4852@example.com,2022-01-22,Platinum,M
4853,Omar Qureshi,user4853@example.com,2022-12-05,Silver,M
4854,Ahmed Farooq,user4854@example.com,2022-02-18,Bronze,M
4855,Hassan Raza,user4855@example.com,2022-11-25,Silver,M
4856,Hassan Khan,user4856@example.com,2023-11-21,Platinum,F
4857,Bilal Khan,user4857@example.com,2024-02-09,Bronze,M
4858,Sara Khan,user4858@example.com,2023-07-18,Bronze,F
4859,Amir Farooq,user4859@example.com,2023-04-13,Bronze,M
4860,Ali Akram,user4860@example.com,2024-03-22,Bronze,M
4861,Sara Qureshi,user4861@example.com,2023-06-30,Bronze,M
4862,Ali Hussain,user4862@example.com,2024-01-12,Silver,F
4863,Hassan Akram,user4863@example.com,2022-11-02,Bronze,F
4864,Ahmed Hussain,user4864@example.com,2023-07-03,Gold,M
4865,Bilal Khan,user4865@example.com,2022-03-21,Bronze,F
4866,Ali Akram,user4866@example.com,2023-05-18,Bronze,F
4867,Omar Qureshi,user4867@example.com,2022-05-07,Bronze,M
4868,Bilal Akram,user4868@example.com,2022-03-12,Bronze,M
4869,Bilal Akram,user4869@example.com,2023-09-06,Silver,F
4870,Fatima Qureshi,user4870@example.com,2024-02-04,Bronze,F
4871,Omar Ali,user4871@example.com,2022-12-11,Silver,M
4872,Bilal Hussain,user4872@example.com,2024-09-13,Silver,F
4873,Fatima Raza,user4873@example.com,2022-08-22,Bronze,F
4874,Hina Khan,user4874@example.com,2024-08-30,Bronze,F
4875,Hassan Shah,user4875@example.com,2024-09-18,Bronze,F
4876,Fatima Hussain,user4876@example.com,2023-11-05,Bronze,M
4877,Sara Qureshi,user4877@example.com,2023-12-27,Bronze,F
4878,Hassan Shah,user4878@example.com,2023-03-10,Bronze,F
4879,Zara Akram,user4879@example.com,2024-09-21,Bronze,F
4880,Aisha Raza,user4880@example.com,2024-10-03,Platinum,F
4881,Zain Farooq,user4881@example.com,2024-05-27,Bronze,F
4882,Zain Qureshi,user4882@example.com,2023-06-01,Bronze,F
4883,Amir Khan,user4883@example.com,2022-02-13,Bronze,F
4884,Ahmed Akram,user4884@example.com,2022-09-15,Silver,F
4885,Ali Shah,user4885@example.com,2024-08-29,Bronze,M
4886,Sara Ali,user4886@example.com,2022-10-29,Silver,M
4887,Fatima Shah,user4887@example.com,2024-04-10,Platinum,F
4888,Sara Raza,user4888@example.com,2022-04-20,Bronze,M
4889,Hina Hussain,user4889@example.com,2024-03-20,Silver,M
4890,Omar Raza,user4890@example.com,2024-03-19,Silver,F
4891,Zain Shah,user4891@example.com,2023-07-20,Silver,F
4892,Hassan Khan,user4892@example.com,2022-09-27,Silver,M
4893,Bilal Akram,user4893@example.com,2024-10-01,Bronze,M
4894,Ali Akram,user4894@example.com,2024-11-21,Bronze,M
4895,Amir Farooq,user4895@example.com,2022-09-01,Bronze,M
4896,Aisha Raza,user4896@example.com,2022-04-27,Bronze,M
4897,Hassan Akram,user4897@example.com,2023-02-05,Bronze,M
4898,Zain Akram,user4898@example.com,2022-12-26,Gold,F
4899,Bilal Qureshi,user4899@example.com,2022-04-12,Bronze,M
4900,Bilal Khan,user4900@example.com,2024-12-23,Bronze,M
4901,Fatima Hussain,user4901@example.com,2023-11-12,Silver,M
4902,Amir Akram,user4902@example.com,2023-10-09,Bronze,M
4903,Bilal Ali,user4903@example.com,2023-11-28,Bronze,F
4904,Hina Khan,user4904@example.com,2024-07-26,Bronze,F
4905,Aisha Akram,user4905@example.com,2024-03-16,Silver,M
4906,Fatima Farooq,user4906@example.com,2022-02-24,Bronze,M
4907,Omar Farooq,user4907@example.com,2022-10-21,Bronze,M
4908,Ahmed Raza,user4908@example.com,2024-12-19,Bronze,M
4909,Sara Hussain,user4909@example.com,2022-05-21,Silver,M
4910,Omar Raza,user4910@example.com,2024-04-22,Silver,M
4911,Hina Qureshi,user4911@example.com,2023-01-08,Bronze,F
4912,Omar Raza,user4912@example.com,2023-01-28,Silver,F
4913,Fatima Hussain,user4913@example.com,2023-01-30,Bronze,F
4914,Fatima Akram,user4914@example.com,2022-07-26,Silver,F
4915,Ahmed Qureshi,user4915@example.com,2024-03-15,Bronze,M
4916,Ali Hussain,user4916@example.com,2023-06-23,Silver,M
4917,Ahmed Akram,user4917@example.com,2024-04-19,Bronze,F
4918,Bilal Raza,user4918@example.com,2023-03-29,Silver,M
4919,Amir Hussain,user4919@example.com,2023-09-14,Bronze,F
4920,Hassan Farooq,user4920@example.com,2024-07-25,Bronze,M
4921,Sara Hussain,user4921@example.com,2022-03-01,Bronze,M
4922,Zain Farooq,user4922@example.com,2024-02-24,Bronze,F
4923,Aisha Akram,user4923@example.com,2022-09-23,Bronze,M
4924,Zara Akram,user4924@example.com,2024-03-21,Gold,M
4925,Ali Hussain,user4925@example.com,2023-03-27,Bronze,M
4926,Zara Ali,user4926@example.com,2023-04-17,Bronze,F
4927,Amir Akram,user4927@example.com,2024-11-07,Bronze,F
4928,Ahmed Shah,user4928@example.com,2024-07-24,Silver,F
4929,Omar Farooq,user4929@example.com,2022-03-12,Gold,F
4930,Hassan Akram,user4930@example.com,2022-06-26,Silver,F
4931,Ahmed Qureshi,user4931@example.com,2022-07-28,Platinum,M
4932,Amir Akram,user4932@example.com,2022-11-07,Bronze,M
4933,Omar Farooq,user4933@example.com,2022-09-02,Bronze,M
4934,Ahmed Khan,user4934@example.com,2022-07-13,Gold,F
4935,Hina Ali,user4935@example.com,2024-07-18,Bronze,M
4936,Bilal Qureshi,user4936@example.com,2022-02-21,Gold,M
4937,Sara Shah,user4937@example.com,2023-11-23,Silver,M
4938,Aisha Qureshi,user4938@example.com,2024-09-20,Gold,F
4939,Bilal Hussain,user4939@example.com,2024-12-04,Bronze,F
4940,Hina Raza,user4940@example.com,2022-02-10,Silver,F
4941,Aisha Farooq,user4941@example.com,2022-11-04,Bronze,M
4942,Zara Ali,user4942@example.com,2022-08-18,Bronze,M
4943,Aisha Khan,user4943@example.com,2022-08-03,Bronze,F
4944,Zara Qureshi,user4944@example.com,2023-02-14,Bronze,F
4945,Sara Farooq,user4945@example.com,2023-10-16,Bronze,F
4946,Aisha Shah,user4946@example.com,2024-12-18,Bronze,F
4947,Hina Akram,user4947@example.com,2023-08-09,Silver,M
4948,Hina Qureshi,user4948@example.com,2024-04-28,Bronze,M
4949,Hassan Khan,user4949@example.com,2024-10-14,Bronze,M
4950,Fatima Farooq,user4950@example.com,2024-01-13,Gold,F
4951,Ahmed Qureshi,user4951@example.com,2023-12-16,Bronze,M
4952,Ahmed Raza,user4952@example.com,2022-04-20,Bronze,M
4953,Fatima Hussain,user4953@example.com,2024-06-08,Gold,F
4954,Ahmed Khan,user4954@example.com,2024-07-12,Bronze,F
4955,Sara Shah,user4955@example.com,2023-01-12,Bronze,M
4956,Fatima Khan,user4956@example.com,2023-03-17,Bronze,M
4957,Sara Akram,user4957@example.com,2023-06-07,Gold,F
4958,Hassan Khan,user4958@example.com,2023-05-02,Bronze,F
4959,Aisha Raza,user4959@example.com,2023-08-03,Bronze,M
4960,Hina Shah,user4960@example.com,2022-10-04,Silver,M
4961,Hassan Shah,user4961@example.com,2023-05-22,Bronze,F
4962,Aisha Qureshi,user4962@example.com,2023-05-21,Silver,F
4963,Hassan Raza,user4963@example.com,2023-12-29,Silver,M
4964,Aisha Farooq,user4964@example.com,2023-04-23,Platinum,M
4965,Zara Khan,user4965@example.com,2022-05-21,Silver,M
4966,Zain Hussain,user4966@example.com,2024-10-12,Bronze,M
4967,Ahmed Qureshi,user4967@example.com,2023-10-16,Bronze,F
4968,Zara Raza,user4968@example.com,2022-01-11,Bronze,F
4969,Amir Shah,user4969@example.com,2024-06-19,Silver,F
4970,Fatima Ali,user4970@example.com,2022-09-08,Silver,F
4971,Hina Ali,user4971@example.com,2022-10-29,Bronze,F
4972,Omar Shah,user4972@example.com,2022-05-12,Bronze,F
4973,Hassan Qureshi,user4973@example.com,2024-03-07,Bronze,F
4974,Omar Farooq,user4974@example.com,2022-07-08,Bronze,M
4975,Amir Raza,user4975@example.com,2022-06-10,Bronze,M
4976,Ahmed Shah,user4976@example.com,2023-01-02,Bronze,M
4977,Hassan Shah,user4977@example.com,2024-05-20,Bronze,M
4978,Ali Akram,user4978@example.com,2024-07-14,Silver,F
4979,Bilal Ali,user4979@example.com,2023-06-06,Bronze,M
4980,Hassan Khan,user4980@example.com,2022-08-20,Bronze,M
4981,Hassan Raza,user4981@example.com,2023-08-25,Bronze,F
4982,Hina Raza,user4982@example.com,2023-09-02,Bronze,M
4983,Amir Akram,user4983@example.com,2023-06-02,Bronze,M
4984,Omar Khan,user4984@example.com,2022-06-18,Silver,M
4985,Omar Hussain,user4985@example.com,2022-11-26,Gold,M
4986,Ali Farooq,user4986@example.com,2022-12-10,Silver,F
4987,Fatima Shah,user4987@example.com,2022-03-20,Silver,F
4988,Aisha Raza,user4988@example.com,2023-10-31,Bronze,F
4989,Ahmed Hussain,user4989@example.com,2023-07-11,Bronze,M
4990,Hassan Ali,user4990@example.com,2024-02-24,Silver,F
4991,Sara Qureshi,user4991@example.com,2023-08-02,Silver,M
4992,Fatima Akram,user4992@example.com,2022-08-10,Platinum,M
4993,Zara Akram,user4993@example.com,2022-08-09,Bronze,F
4994,Aisha Ali,user4994@example.com,2024-05-26,Bronze,F
4995,Hina Khan,user4995@example.com,2022-07-12,Silver,F
4996,Zain Khan,user4996@example.com,2024-10-17,Bronze,F
4997,Omar Raza,user4997@example.com,2022-10-14,Bronze,M
4998,Aisha Ali,user4998@example.com,2024-12-20,Silver,M
4999,Omar Farooq,user4999@example.com,2022-03-20,Gold,F
5000,Zara Shah,user5000@example.com,2022-03-07,Bronze,M
